"Page type","Year of diagnosis","Race and origin recode (NHW, NHB, NHAIAN, NHAPI, Hispanic)","Combined Summary Stage (2004+)","Summary Interval","N","Median Obs","Median Rel","Observed","Expected","Relative","SE Obs","SE Rel","Obs Cum CIs Lower","Obs Cum CIs Upper","Rel Cum CIs Lower","Rel Cum CIs Upper"
1,0,0,0,0,7376,+,+,87.9%,89.6%,98.1%,0.4%,0.5%,87.0%,88.7%,96.9%,98.8%
1,0,0,1,0,319640,+,+,87.2%,93.0%,93.7%,0.1%,0.1%,87.1%,87.3%,93.6%,93.9%
1,0,0,2,0,148971,+,+,67.6%,93.2%,72.5%,0.1%,0.1%,67.3%,67.9%,72.2%,72.8%
1,0,0,3,0,148765,18.30,19.64,29.6%,91.4%,32.4%,0.1%,0.1%,29.4%,29.9%,32.1%,32.7%
1,0,0,4,0,1,8.50,8.51,0.0%,+,0.0%,0.0%,0.0%,+,+,+,+
1,0,0,5,0,23794,11.25,12.06,30.7%,91.0%,33.8%,0.3%,0.3%,30.1%,31.4%,33.1%,34.5%
1,0,0,6,0,440335,+,+,59.8%,90.8%,65.9%,0.1%,0.1%,59.6%,59.9%,65.7%,66.0%
1,0,1,0,0,395,+,+,82.5%,87.4%,93.4%#,2.1%,2.4%#,77.9%,86.2%,86.8%#,96.8%#
1,0,1,1,0,36463,+,+,82.8%,92.4%,89.6%,0.2%,0.2%,82.3%,83.2%,89.1%,90.0%
1,0,1,2,0,23606,+,+,58.9%,92.8%,63.5%,0.4%,0.4%,58.2%,59.6%,62.7%,64.2%
1,0,1,3,0,25787,14.18,14.88,24.4%,91.4%,26.7%,0.3%,0.3%,23.8%,25.0%,26.1%,27.4%
1,0,1,4,0,2,5.00,+,+,+,+,+,+,+,+,+,+
1,0,1,5,0,4172,12.25,13.16,27.8%,91.3%,30.5%,0.7%,0.8%,26.4%,29.3%,28.9%,32.1%
1,0,1,6,0,44597,51.43,+,47.7%,90.2%,52.8%,0.2%,0.3%,47.2%,48.1%,52.3%,53.4%
1,0,2,0,0,34,+,+,83.3%,89.7%,90.7%#,6.8%,7.5%#,64.3%,92.7%,60.1%#@,98.2%#@
1,0,2,1,0,4495,+,+,82.3%,92.0%,89.4%,0.6%,0.7%,81.0%,83.5%,88.0%,90.7%
1,0,2,2,0,2763,+,+,62.0%,92.2%,67.2%,1.0%,1.1%,60.0%,63.9%,65.0%,69.3%
1,0,2,3,0,2664,13.16,13.72,23.3%,90.9%,25.7%,0.9%,1.0%,21.6%,25.1%,23.7%,27.7%
1,0,2,4,0,0,+,+,+,+,+,+,+,+,+,+,+
1,0,2,5,0,572,11.82,13.20,29.8%,90.6%,32.9%,2.1%,2.3%,25.9%,33.9%,28.5%,37.4%
1,0,2,6,0,4248,+,+,55.5%,92.2%,60.2%,0.8%,0.8%,54.0%,57.0%,58.6%,61.8%
1,0,3,0,0,657,+,+,87.8%,92.6%,94.8%,1.5%,1.6%,84.6%,90.3%,90.7%,97.2%
1,0,3,1,0,59874,+,+,89.6%,96.4%,92.9%,0.1%,0.1%,89.3%,89.9%,92.6%,93.2%
1,0,3,2,0,33611,+,+,71.5%,96.6%,74.1%,0.3%,0.3%,71.0%,72.0%,73.5%,74.6%
1,0,3,3,0,28013,19.12,19.78,27.8%,95.6%,29.1%,0.3%,0.3%,27.2%,28.4%,28.4%,29.7%
1,0,3,4,0,0,+,+,+,+,+,+,+,+,+,+,+
1,0,3,5,0,4993,17.51,18.61,33.3%,95.0%,35.1%,0.7%,0.8%,31.9%,34.7%,33.6%,36.6%
1,0,3,6,0,52808,+,+,62.4%,95.3%,65.5%,0.2%,0.2%,62.0%,62.8%,65.0%,65.9%
1,0,4,0,0,723,+,+,85.6%,91.6%,93.3%#,1.5%,1.6%#,82.4%,88.3%,89.3%#,95.8%#
1,0,4,1,0,63762,+,+,86.8%,95.6%,90.8%,0.2%,0.2%,86.5%,87.1%,90.5%,91.1%
1,0,4,2,0,38628,+,+,69.0%,95.8%,72.0%,0.3%,0.3%,68.5%,69.6%,71.5%,72.6%
1,0,4,3,0,32029,18.18,18.90,29.1%,94.7%,30.7%,0.3%,0.3%,28.5%,29.6%,30.1%,31.3%
1,0,4,4,0,0,+,+,+,+,+,+,+,+,+,+,+
1,0,4,5,0,7593,14.28,15.17,33.0%,94.3%,35.0%,0.6%,0.6%,31.8%,34.1%,33.7%,36.2%
1,0,4,6,0,55576,+,+,59.3%,94.7%,62.6%,0.2%,0.2%,58.8%,59.7%,62.2%,63.0%
1,0,5,0,0,170,+,+,98.3%,92.1%,100.0%*#,1.2%,0.0%#,93.5%@,99.6%@,#+,#+
1,0,5,1,0,4352,+,+,97.4%,95.5%,99.9%*#,0.3%,0.1%#,96.8%,97.9%,98.7%#@,100.0%#@
1,0,5,2,0,961,+,+,89.5%,95.2%,93.8%#,1.2%,1.3%#,86.9%,91.6%,90.8%#,95.8%#
1,0,5,3,0,889,+,+,76.3%,93.5%,81.5%#,1.6%,1.7%#,72.9%,79.3%,77.8%#,84.7%#
1,0,5,4,0,0,+,+,+,+,+,+,+,+,+,+,+
1,0,5,5,0,1211,+,+,90.5%,95.0%,94.7%#,1.0%,0.8%#,88.3%,92.3%,92.8%#,96.1%#
1,0,5,6,0,1822,+,+,82.4%,94.9%,86.7%,0.9%,1.0%,80.5%,84.1%,84.7%,88.5%
1,1,0,0,0,0,+,+,+,+,+,+,+,+,+,+,+
1,1,0,1,0,0,+,+,+,+,+,+,+,+,+,+,+
1,1,0,2,0,0,+,+,+,+,+,+,+,+,+,+,+
1,1,0,3,0,0,+,+,+,+,+,+,+,+,+,+,+
1,1,0,4,0,0,+,+,+,+,+,+,+,+,+,+,+
1,1,0,5,0,0,+,+,+,+,+,+,+,+,+,+,+
1,1,0,6,0,35007,+,+,56.3%,90.1%,62.4%,0.3%,0.3%,55.7%,56.8%,61.9%,63.0%
1,1,1,0,0,0,+,+,+,+,+,+,+,+,+,+,+
1,1,1,1,0,0,+,+,+,+,+,+,+,+,+,+,+
1,1,1,2,0,0,+,+,+,+,+,+,+,+,+,+,+
1,1,1,3,0,0,+,+,+,+,+,+,+,+,+,+,+
1,1,1,4,0,0,+,+,+,+,+,+,+,+,+,+,+
1,1,1,5,0,0,+,+,+,+,+,+,+,+,+,+,+
1,1,1,6,0,3224,37.65,48.18,42.6%,89.6%,47.5%,0.9%,1.0%,40.8%,44.3%,45.6%,49.4%
1,1,2,0,0,0,+,+,+,+,+,+,+,+,+,+,+
1,1,2,1,0,0,+,+,+,+,+,+,+,+,+,+,+
1,1,2,2,0,0,+,+,+,+,+,+,+,+,+,+,+
1,1,2,3,0,0,+,+,+,+,+,+,+,+,+,+,+
1,1,2,4,0,0,+,+,+,+,+,+,+,+,+,+,+
1,1,2,5,0,0,+,+,+,+,+,+,+,+,+,+,+
1,1,2,6,0,285,+,+,56.1%,92.3%,60.7%#,2.9%,3.2%#,50.2%,61.7%,54.2%#,66.7%#
1,1,3,0,0,0,+,+,+,+,+,+,+,+,+,+,+
1,1,3,1,0,0,+,+,+,+,+,+,+,+,+,+,+
1,1,3,2,0,0,+,+,+,+,+,+,+,+,+,+,+
1,1,3,3,0,0,+,+,+,+,+,+,+,+,+,+,+
1,1,3,4,0,0,+,+,+,+,+,+,+,+,+,+,+
1,1,3,5,0,0,+,+,+,+,+,+,+,+,+,+,+
1,1,3,6,0,3310,+,+,58.7%,95.0%,61.8%,0.9%,0.9%,57.0%,60.4%,60.0%,63.6%
1,1,4,0,0,0,+,+,+,+,+,+,+,+,+,+,+
1,1,4,1,0,0,+,+,+,+,+,+,+,+,+,+,+
1,1,4,2,0,0,+,+,+,+,+,+,+,+,+,+,+
1,1,4,3,0,0,+,+,+,+,+,+,+,+,+,+,+
1,1,4,4,0,0,+,+,+,+,+,+,+,+,+,+,+
1,1,4,5,0,0,+,+,+,+,+,+,+,+,+,+,+
1,1,4,6,0,3739,+,+,54.8%,94.5%,58.0%,0.8%,0.9%,53.2%,56.4%,56.3%,59.7%
1,1,5,0,0,0,+,+,+,+,+,+,+,+,+,+,+
1,1,5,1,0,0,+,+,+,+,+,+,+,+,+,+,+
1,1,5,2,0,0,+,+,+,+,+,+,+,+,+,+,+
1,1,5,3,0,0,+,+,+,+,+,+,+,+,+,+,+
1,1,5,4,0,0,+,+,+,+,+,+,+,+,+,+,+
1,1,5,5,0,0,+,+,+,+,+,+,+,+,+,+,+
1,1,5,6,0,114,+,+,71.2%,93.4%,75.6%#,4.3%,4.6%#,61.8%,78.7%,65.2%#,83.3%#
1,2,0,0,0,0,+,+,+,+,+,+,+,+,+,+,+
1,2,0,1,0,0,+,+,+,+,+,+,+,+,+,+,+
1,2,0,2,0,0,+,+,+,+,+,+,+,+,+,+,+
1,2,0,3,0,0,+,+,+,+,+,+,+,+,+,+,+
1,2,0,4,0,0,+,+,+,+,+,+,+,+,+,+,+
1,2,0,5,0,0,+,+,+,+,+,+,+,+,+,+,+
1,2,0,6,0,34888,+,+,56.3%,90.0%,62.5%,0.3%,0.3%,55.8%,56.8%,62.0%,63.1%
1,2,1,0,0,0,+,+,+,+,+,+,+,+,+,+,+
1,2,1,1,0,0,+,+,+,+,+,+,+,+,+,+,+
1,2,1,2,0,0,+,+,+,+,+,+,+,+,+,+,+
1,2,1,3,0,0,+,+,+,+,+,+,+,+,+,+,+
1,2,1,4,0,0,+,+,+,+,+,+,+,+,+,+,+
1,2,1,5,0,0,+,+,+,+,+,+,+,+,+,+,+
1,2,1,6,0,3279,41.48,58.87,44.6%,89.7%,49.7%,0.9%,1.0%,42.9%,46.3%,47.8%,51.6%
1,2,2,0,0,0,+,+,+,+,+,+,+,+,+,+,+
1,2,2,1,0,0,+,+,+,+,+,+,+,+,+,+,+
1,2,2,2,0,0,+,+,+,+,+,+,+,+,+,+,+
1,2,2,3,0,0,+,+,+,+,+,+,+,+,+,+,+
1,2,2,4,0,0,+,+,+,+,+,+,+,+,+,+,+
1,2,2,5,0,0,+,+,+,+,+,+,+,+,+,+,+
1,2,2,6,0,252,+,+,54.0%,92.2%,58.1%#,3.1%,3.4%#,47.6%,59.9%,51.3%#,64.4%#
1,2,3,0,0,0,+,+,+,+,+,+,+,+,+,+,+
1,2,3,1,0,0,+,+,+,+,+,+,+,+,+,+,+
1,2,3,2,0,0,+,+,+,+,+,+,+,+,+,+,+
1,2,3,3,0,0,+,+,+,+,+,+,+,+,+,+,+
1,2,3,4,0,0,+,+,+,+,+,+,+,+,+,+,+
1,2,3,5,0,0,+,+,+,+,+,+,+,+,+,+,+
1,2,3,6,0,3358,+,+,58.9%,94.9%,62.1%,0.9%,0.9%,57.2%,60.5%,60.3%,63.8%
1,2,4,0,0,0,+,+,+,+,+,+,+,+,+,+,+
1,2,4,1,0,0,+,+,+,+,+,+,+,+,+,+,+
1,2,4,2,0,0,+,+,+,+,+,+,+,+,+,+,+
1,2,4,3,0,0,+,+,+,+,+,+,+,+,+,+,+
1,2,4,4,0,0,+,+,+,+,+,+,+,+,+,+,+
1,2,4,5,0,0,+,+,+,+,+,+,+,+,+,+,+
1,2,4,6,0,3810,+,+,54.1%,94.3%,57.3%,0.8%,0.9%,52.5%,55.7%,55.6%,59.0%
1,2,5,0,0,0,+,+,+,+,+,+,+,+,+,+,+
1,2,5,1,0,0,+,+,+,+,+,+,+,+,+,+,+
1,2,5,2,0,0,+,+,+,+,+,+,+,+,+,+,+
1,2,5,3,0,0,+,+,+,+,+,+,+,+,+,+,+
1,2,5,4,0,0,+,+,+,+,+,+,+,+,+,+,+
1,2,5,5,0,0,+,+,+,+,+,+,+,+,+,+,+
1,2,5,6,0,127,+,+,78.5%,93.6%,83.4%#,3.7%,4.0%#,70.0%,84.8%,73.8%#,89.7%#
1,3,0,0,0,0,+,+,+,+,+,+,+,+,+,+,+
1,3,0,1,0,0,+,+,+,+,+,+,+,+,+,+,+
1,3,0,2,0,0,+,+,+,+,+,+,+,+,+,+,+
1,3,0,3,0,0,+,+,+,+,+,+,+,+,+,+,+
1,3,0,4,0,0,+,+,+,+,+,+,+,+,+,+,+
1,3,0,5,0,0,+,+,+,+,+,+,+,+,+,+,+
1,3,0,6,0,35118,+,+,57.2%,90.3%,63.4%,0.3%,0.3%,56.7%,57.8%,62.8%,64.0%
1,3,1,0,0,0,+,+,+,+,+,+,+,+,+,+,+
1,3,1,1,0,0,+,+,+,+,+,+,+,+,+,+,+
1,3,1,2,0,0,+,+,+,+,+,+,+,+,+,+,+
1,3,1,3,0,0,+,+,+,+,+,+,+,+,+,+,+
1,3,1,4,0,0,+,+,+,+,+,+,+,+,+,+,+
1,3,1,5,0,0,+,+,+,+,+,+,+,+,+,+,+
1,3,1,6,0,3455,41.84,57.54,44.3%,89.6%,49.4%,0.8%,0.9%,42.6%,45.9%,47.6%,51.3%
1,3,2,0,0,0,+,+,+,+,+,+,+,+,+,+,+
1,3,2,1,0,0,+,+,+,+,+,+,+,+,+,+,+
1,3,2,2,0,0,+,+,+,+,+,+,+,+,+,+,+
1,3,2,3,0,0,+,+,+,+,+,+,+,+,+,+,+
1,3,2,4,0,0,+,+,+,+,+,+,+,+,+,+,+
1,3,2,5,0,0,+,+,+,+,+,+,+,+,+,+,+
1,3,2,6,0,283,+,+,51.9%,92.1%,56.0%#,3.0%,3.2%#,45.9%,57.5%,49.5%#,62.0%#
1,3,3,0,0,0,+,+,+,+,+,+,+,+,+,+,+
1,3,3,1,0,0,+,+,+,+,+,+,+,+,+,+,+
1,3,3,2,0,0,+,+,+,+,+,+,+,+,+,+,+
1,3,3,3,0,0,+,+,+,+,+,+,+,+,+,+,+
1,3,3,4,0,0,+,+,+,+,+,+,+,+,+,+,+
1,3,3,5,0,0,+,+,+,+,+,+,+,+,+,+,+
1,3,3,6,0,3613,+,+,59.8%,95.1%,62.9%,0.8%,0.9%,58.2%,61.4%,61.2%,64.6%
1,3,4,0,0,0,+,+,+,+,+,+,+,+,+,+,+
1,3,4,1,0,0,+,+,+,+,+,+,+,+,+,+,+
1,3,4,2,0,0,+,+,+,+,+,+,+,+,+,+,+
1,3,4,3,0,0,+,+,+,+,+,+,+,+,+,+,+
1,3,4,4,0,0,+,+,+,+,+,+,+,+,+,+,+
1,3,4,5,0,0,+,+,+,+,+,+,+,+,+,+,+
1,3,4,6,0,3843,+,+,57.7%,94.5%,61.1%,0.8%,0.8%,56.1%,59.3%,59.4%,62.7%
1,3,5,0,0,0,+,+,+,+,+,+,+,+,+,+,+
1,3,5,1,0,0,+,+,+,+,+,+,+,+,+,+,+
1,3,5,2,0,0,+,+,+,+,+,+,+,+,+,+,+
1,3,5,3,0,0,+,+,+,+,+,+,+,+,+,+,+
1,3,5,4,0,0,+,+,+,+,+,+,+,+,+,+,+
1,3,5,5,0,0,+,+,+,+,+,+,+,+,+,+,+
1,3,5,6,0,127,+,+,73.8%,94.0%,78.5%#,4.0%,4.2%#,65.1%,80.7%,68.7%#,85.5%#
1,4,0,0,0,0,+,+,+,+,+,+,+,+,+,+,+
1,4,0,1,0,0,+,+,+,+,+,+,+,+,+,+,+
1,4,0,2,0,0,+,+,+,+,+,+,+,+,+,+,+
1,4,0,3,0,0,+,+,+,+,+,+,+,+,+,+,+
1,4,0,4,0,0,+,+,+,+,+,+,+,+,+,+,+
1,4,0,5,0,0,+,+,+,+,+,+,+,+,+,+,+
1,4,0,6,0,35806,+,+,57.7%,90.4%,63.9%,0.3%,0.3%,57.2%,58.3%,63.3%,64.5%
1,4,1,0,0,0,+,+,+,+,+,+,+,+,+,+,+
1,4,1,1,0,0,+,+,+,+,+,+,+,+,+,+,+
1,4,1,2,0,0,+,+,+,+,+,+,+,+,+,+,+
1,4,1,3,0,0,+,+,+,+,+,+,+,+,+,+,+
1,4,1,4,0,0,+,+,+,+,+,+,+,+,+,+,+
1,4,1,5,0,0,+,+,+,+,+,+,+,+,+,+,+
1,4,1,6,0,3360,48.72,+,46.7%,89.6%,52.1%,0.9%,1.0%,45.0%,48.3%,50.2%,53.9%
1,4,2,0,0,0,+,+,+,+,+,+,+,+,+,+,+
1,4,2,1,0,0,+,+,+,+,+,+,+,+,+,+,+
1,4,2,2,0,0,+,+,+,+,+,+,+,+,+,+,+
1,4,2,3,0,0,+,+,+,+,+,+,+,+,+,+,+
1,4,2,4,0,0,+,+,+,+,+,+,+,+,+,+,+
1,4,2,5,0,0,+,+,+,+,+,+,+,+,+,+,+
1,4,2,6,0,297,+,+,50.8%,92.2%,55.1%,2.9%,3.1%,44.9%,56.3%,48.7%,61.0%
1,4,3,0,0,0,+,+,+,+,+,+,+,+,+,+,+
1,4,3,1,0,0,+,+,+,+,+,+,+,+,+,+,+
1,4,3,2,0,0,+,+,+,+,+,+,+,+,+,+,+
1,4,3,3,0,0,+,+,+,+,+,+,+,+,+,+,+
1,4,3,4,0,0,+,+,+,+,+,+,+,+,+,+,+
1,4,3,5,0,0,+,+,+,+,+,+,+,+,+,+,+
1,4,3,6,0,3763,+,+,60.7%,95.2%,63.8%,0.8%,0.8%,59.1%,62.2%,62.1%,65.4%
1,4,4,0,0,0,+,+,+,+,+,+,+,+,+,+,+
1,4,4,1,0,0,+,+,+,+,+,+,+,+,+,+,+
1,4,4,2,0,0,+,+,+,+,+,+,+,+,+,+,+
1,4,4,3,0,0,+,+,+,+,+,+,+,+,+,+,+
1,4,4,4,0,0,+,+,+,+,+,+,+,+,+,+,+
1,4,4,5,0,0,+,+,+,+,+,+,+,+,+,+,+
1,4,4,6,0,3985,+,+,57.4%,94.3%,60.8%,0.8%,0.8%,55.8%,58.9%,59.2%,62.5%
1,4,5,0,0,0,+,+,+,+,+,+,+,+,+,+,+
1,4,5,1,0,0,+,+,+,+,+,+,+,+,+,+,+
1,4,5,2,0,0,+,+,+,+,+,+,+,+,+,+,+
1,4,5,3,0,0,+,+,+,+,+,+,+,+,+,+,+
1,4,5,4,0,0,+,+,+,+,+,+,+,+,+,+,+
1,4,5,5,0,0,+,+,+,+,+,+,+,+,+,+,+
1,4,5,6,0,112,+,+,84.1%,95.2%,88.3%#,3.5%,3.7%#,75.7%,89.8%,78.5%#,93.8%#
1,5,0,0,0,0,+,+,+,+,+,+,+,+,+,+,+
1,5,0,1,0,0,+,+,+,+,+,+,+,+,+,+,+
1,5,0,2,0,0,+,+,+,+,+,+,+,+,+,+,+
1,5,0,3,0,0,+,+,+,+,+,+,+,+,+,+,+
1,5,0,4,0,0,+,+,+,+,+,+,+,+,+,+,+
1,5,0,5,0,0,+,+,+,+,+,+,+,+,+,+,+
1,5,0,6,0,36267,+,+,58.6%,90.5%,64.8%,0.3%,0.3%,58.1%,59.1%,64.2%,65.3%
1,5,1,0,0,0,+,+,+,+,+,+,+,+,+,+,+
1,5,1,1,0,0,+,+,+,+,+,+,+,+,+,+,+
1,5,1,2,0,0,+,+,+,+,+,+,+,+,+,+,+
1,5,1,3,0,0,+,+,+,+,+,+,+,+,+,+,+
1,5,1,4,0,0,+,+,+,+,+,+,+,+,+,+,+
1,5,1,5,0,0,+,+,+,+,+,+,+,+,+,+,+
1,5,1,6,0,3596,47.43,+,46.2%,89.4%,51.7%,0.8%,0.9%,44.6%,47.9%,49.9%,53.5%
1,5,2,0,0,0,+,+,+,+,+,+,+,+,+,+,+
1,5,2,1,0,0,+,+,+,+,+,+,+,+,+,+,+
1,5,2,2,0,0,+,+,+,+,+,+,+,+,+,+,+
1,5,2,3,0,0,+,+,+,+,+,+,+,+,+,+,+
1,5,2,4,0,0,+,+,+,+,+,+,+,+,+,+,+
1,5,2,5,0,0,+,+,+,+,+,+,+,+,+,+,+
1,5,2,6,0,349,+,+,52.7%,93.3%,56.5%,2.7%,2.9%,47.3%,57.8%,50.7%,61.9%
1,5,3,0,0,0,+,+,+,+,+,+,+,+,+,+,+
1,5,3,1,0,0,+,+,+,+,+,+,+,+,+,+,+
1,5,3,2,0,0,+,+,+,+,+,+,+,+,+,+,+
1,5,3,3,0,0,+,+,+,+,+,+,+,+,+,+,+
1,5,3,4,0,0,+,+,+,+,+,+,+,+,+,+,+
1,5,3,5,0,0,+,+,+,+,+,+,+,+,+,+,+
1,5,3,6,0,4027,+,+,60.5%,95.2%,63.6%,0.8%,0.8%,59.0%,62.0%,61.9%,65.1%
1,5,4,0,0,0,+,+,+,+,+,+,+,+,+,+,+
1,5,4,1,0,0,+,+,+,+,+,+,+,+,+,+,+
1,5,4,2,0,0,+,+,+,+,+,+,+,+,+,+,+
1,5,4,3,0,0,+,+,+,+,+,+,+,+,+,+,+
1,5,4,4,0,0,+,+,+,+,+,+,+,+,+,+,+
1,5,4,5,0,0,+,+,+,+,+,+,+,+,+,+,+
1,5,4,6,0,4189,+,+,58.5%,94.4%,61.9%,0.8%,0.8%,57.0%,60.0%,60.3%,63.5%
1,5,5,0,0,0,+,+,+,+,+,+,+,+,+,+,+
1,5,5,1,0,0,+,+,+,+,+,+,+,+,+,+,+
1,5,5,2,0,0,+,+,+,+,+,+,+,+,+,+,+
1,5,5,3,0,0,+,+,+,+,+,+,+,+,+,+,+
1,5,5,4,0,0,+,+,+,+,+,+,+,+,+,+,+
1,5,5,5,0,0,+,+,+,+,+,+,+,+,+,+,+
1,5,5,6,0,177,+,+,81.0%,93.8%,86.1%#,3.0%,3.2%#,74.2%,86.2%,78.4%#,91.3%#
1,6,0,0,0,0,+,+,+,+,+,+,+,+,+,+,+
1,6,0,1,0,0,+,+,+,+,+,+,+,+,+,+,+
1,6,0,2,0,0,+,+,+,+,+,+,+,+,+,+,+
1,6,0,3,0,0,+,+,+,+,+,+,+,+,+,+,+
1,6,0,4,0,0,+,+,+,+,+,+,+,+,+,+,+
1,6,0,5,0,0,+,+,+,+,+,+,+,+,+,+,+
1,6,0,6,0,37177,+,+,59.1%,90.5%,65.3%,0.3%,0.3%,58.6%,59.6%,64.7%,65.8%
1,6,1,0,0,0,+,+,+,+,+,+,+,+,+,+,+
1,6,1,1,0,0,+,+,+,+,+,+,+,+,+,+,+
1,6,1,2,0,0,+,+,+,+,+,+,+,+,+,+,+
1,6,1,3,0,0,+,+,+,+,+,+,+,+,+,+,+
1,6,1,4,0,0,+,+,+,+,+,+,+,+,+,+,+
1,6,1,5,0,0,+,+,+,+,+,+,+,+,+,+,+
1,6,1,6,0,3735,53.05,+,48.3%,89.6%,53.9%,0.8%,0.9%,46.6%,49.9%,52.1%,55.6%
1,6,2,0,0,0,+,+,+,+,+,+,+,+,+,+,+
1,6,2,1,0,0,+,+,+,+,+,+,+,+,+,+,+
1,6,2,2,0,0,+,+,+,+,+,+,+,+,+,+,+
1,6,2,3,0,0,+,+,+,+,+,+,+,+,+,+,+
1,6,2,4,0,0,+,+,+,+,+,+,+,+,+,+,+
1,6,2,5,0,0,+,+,+,+,+,+,+,+,+,+,+
1,6,2,6,0,339,+,+,56.2%,91.9%,61.1%,2.7%,2.9%,50.8%,61.3%,55.1%,66.6%
1,6,3,0,0,0,+,+,+,+,+,+,+,+,+,+,+
1,6,3,1,0,0,+,+,+,+,+,+,+,+,+,+,+
1,6,3,2,0,0,+,+,+,+,+,+,+,+,+,+,+
1,6,3,3,0,0,+,+,+,+,+,+,+,+,+,+,+
1,6,3,4,0,0,+,+,+,+,+,+,+,+,+,+,+
1,6,3,5,0,0,+,+,+,+,+,+,+,+,+,+,+
1,6,3,6,0,4343,+,+,63.0%,95.1%,66.3%,0.7%,0.8%,61.6%,64.5%,64.7%,67.8%
1,6,4,0,0,0,+,+,+,+,+,+,+,+,+,+,+
1,6,4,1,0,0,+,+,+,+,+,+,+,+,+,+,+
1,6,4,2,0,0,+,+,+,+,+,+,+,+,+,+,+
1,6,4,3,0,0,+,+,+,+,+,+,+,+,+,+,+
1,6,4,4,0,0,+,+,+,+,+,+,+,+,+,+,+
1,6,4,5,0,0,+,+,+,+,+,+,+,+,+,+,+
1,6,4,6,0,4305,+,+,57.8%,94.5%,61.2%,0.8%,0.8%,56.3%,59.3%,59.6%,62.8%
1,6,5,0,0,0,+,+,+,+,+,+,+,+,+,+,+
1,6,5,1,0,0,+,+,+,+,+,+,+,+,+,+,+
1,6,5,2,0,0,+,+,+,+,+,+,+,+,+,+,+
1,6,5,3,0,0,+,+,+,+,+,+,+,+,+,+,+
1,6,5,4,0,0,+,+,+,+,+,+,+,+,+,+,+
1,6,5,5,0,0,+,+,+,+,+,+,+,+,+,+,+
1,6,5,6,0,152,+,+,80.3%,94.0%,85.4%,3.4%,3.6%,72.7%,85.9%,76.7%,91.0%
1,7,0,0,0,0,+,+,+,+,+,+,+,+,+,+,+
1,7,0,1,0,0,+,+,+,+,+,+,+,+,+,+,+
1,7,0,2,0,0,+,+,+,+,+,+,+,+,+,+,+
1,7,0,3,0,0,+,+,+,+,+,+,+,+,+,+,+
1,7,0,4,0,0,+,+,+,+,+,+,+,+,+,+,+
1,7,0,5,0,0,+,+,+,+,+,+,+,+,+,+,+
1,7,0,6,0,37701,+,+,60.1%,90.7%,66.3%,0.3%,0.3%,59.6%,60.6%,65.8%,66.8%
1,7,1,0,0,0,+,+,+,+,+,+,+,+,+,+,+
1,7,1,1,0,0,+,+,+,+,+,+,+,+,+,+,+
1,7,1,2,0,0,+,+,+,+,+,+,+,+,+,+,+
1,7,1,3,0,0,+,+,+,+,+,+,+,+,+,+,+
1,7,1,4,0,0,+,+,+,+,+,+,+,+,+,+,+
1,7,1,5,0,0,+,+,+,+,+,+,+,+,+,+,+
1,7,1,6,0,3792,54.51,+,48.2%,90.2%,53.5%,0.8%,0.9%,46.6%,49.8%,51.7%,55.2%
1,7,2,0,0,0,+,+,+,+,+,+,+,+,+,+,+
1,7,2,1,0,0,+,+,+,+,+,+,+,+,+,+,+
1,7,2,2,0,0,+,+,+,+,+,+,+,+,+,+,+
1,7,2,3,0,0,+,+,+,+,+,+,+,+,+,+,+
1,7,2,4,0,0,+,+,+,+,+,+,+,+,+,+,+
1,7,2,5,0,0,+,+,+,+,+,+,+,+,+,+,+
1,7,2,6,0,380,+,+,55.8%,91.6%,60.9%,2.5%,2.8%,50.6%,60.6%,55.2%,66.1%
1,7,3,0,0,0,+,+,+,+,+,+,+,+,+,+,+
1,7,3,1,0,0,+,+,+,+,+,+,+,+,+,+,+
1,7,3,2,0,0,+,+,+,+,+,+,+,+,+,+,+
1,7,3,3,0,0,+,+,+,+,+,+,+,+,+,+,+
1,7,3,4,0,0,+,+,+,+,+,+,+,+,+,+,+
1,7,3,5,0,0,+,+,+,+,+,+,+,+,+,+,+
1,7,3,6,0,4575,+,+,62.4%,95.2%,65.6%,0.7%,0.8%,61.0%,63.8%,64.1%,67.0%
1,7,4,0,0,0,+,+,+,+,+,+,+,+,+,+,+
1,7,4,1,0,0,+,+,+,+,+,+,+,+,+,+,+
1,7,4,2,0,0,+,+,+,+,+,+,+,+,+,+,+
1,7,4,3,0,0,+,+,+,+,+,+,+,+,+,+,+
1,7,4,4,0,0,+,+,+,+,+,+,+,+,+,+,+
1,7,4,5,0,0,+,+,+,+,+,+,+,+,+,+,+
1,7,4,6,0,4691,+,+,59.9%,94.6%,63.4%,0.7%,0.8%,58.5%,61.3%,61.8%,64.8%
1,7,5,0,0,0,+,+,+,+,+,+,+,+,+,+,+
1,7,5,1,0,0,+,+,+,+,+,+,+,+,+,+,+
1,7,5,2,0,0,+,+,+,+,+,+,+,+,+,+,+
1,7,5,3,0,0,+,+,+,+,+,+,+,+,+,+,+
1,7,5,4,0,0,+,+,+,+,+,+,+,+,+,+,+
1,7,5,5,0,0,+,+,+,+,+,+,+,+,+,+,+
1,7,5,6,0,166,+,+,82.4%,94.9%,86.6%#,3.0%,3.2%#,75.6%,87.5%,78.9%#,91.6%#
1,8,0,0,0,0,+,+,+,+,+,+,+,+,+,+,+
1,8,0,1,0,0,+,+,+,+,+,+,+,+,+,+,+
1,8,0,2,0,0,+,+,+,+,+,+,+,+,+,+,+
1,8,0,3,0,0,+,+,+,+,+,+,+,+,+,+,+
1,8,0,4,0,0,+,+,+,+,+,+,+,+,+,+,+
1,8,0,5,0,0,+,+,+,+,+,+,+,+,+,+,+
1,8,0,6,0,37817,+,+,61.3%,91.0%,67.3%,0.3%,0.3%,60.8%,61.7%,66.8%,67.9%
1,8,1,0,0,0,+,+,+,+,+,+,+,+,+,+,+
1,8,1,1,0,0,+,+,+,+,+,+,+,+,+,+,+
1,8,1,2,0,0,+,+,+,+,+,+,+,+,+,+,+
1,8,1,3,0,0,+,+,+,+,+,+,+,+,+,+,+
1,8,1,4,0,0,+,+,+,+,+,+,+,+,+,+,+
1,8,1,5,0,0,+,+,+,+,+,+,+,+,+,+,+
1,8,1,6,0,3849,59.91,+,50.0%,90.2%,55.4%,0.8%,0.9%,48.4%,51.5%,53.6%,57.1%
1,8,2,0,0,0,+,+,+,+,+,+,+,+,+,+,+
1,8,2,1,0,0,+,+,+,+,+,+,+,+,+,+,+
1,8,2,2,0,0,+,+,+,+,+,+,+,+,+,+,+
1,8,2,3,0,0,+,+,+,+,+,+,+,+,+,+,+
1,8,2,4,0,0,+,+,+,+,+,+,+,+,+,+,+
1,8,2,5,0,0,+,+,+,+,+,+,+,+,+,+,+
1,8,2,6,0,373,+,+,53.8%,91.8%,58.6%,2.6%,2.8%,48.6%,58.7%,52.8%,63.8%
1,8,3,0,0,0,+,+,+,+,+,+,+,+,+,+,+
1,8,3,1,0,0,+,+,+,+,+,+,+,+,+,+,+
1,8,3,2,0,0,+,+,+,+,+,+,+,+,+,+,+
1,8,3,3,0,0,+,+,+,+,+,+,+,+,+,+,+
1,8,3,4,0,0,+,+,+,+,+,+,+,+,+,+,+
1,8,3,5,0,0,+,+,+,+,+,+,+,+,+,+,+
1,8,3,6,0,4695,+,+,63.9%,95.4%,67.0%,0.7%,0.7%,62.5%,65.3%,65.5%,68.4%
1,8,4,0,0,0,+,+,+,+,+,+,+,+,+,+,+
1,8,4,1,0,0,+,+,+,+,+,+,+,+,+,+,+
1,8,4,2,0,0,+,+,+,+,+,+,+,+,+,+,+
1,8,4,3,0,0,+,+,+,+,+,+,+,+,+,+,+
1,8,4,4,0,0,+,+,+,+,+,+,+,+,+,+,+
1,8,4,5,0,0,+,+,+,+,+,+,+,+,+,+,+
1,8,4,6,0,5022,+,+,60.1%,94.7%,63.5%,0.7%,0.7%,58.7%,61.4%,62.0%,64.9%
1,8,5,0,0,0,+,+,+,+,+,+,+,+,+,+,+
1,8,5,1,0,0,+,+,+,+,+,+,+,+,+,+,+
1,8,5,2,0,0,+,+,+,+,+,+,+,+,+,+,+
1,8,5,3,0,0,+,+,+,+,+,+,+,+,+,+,+
1,8,5,4,0,0,+,+,+,+,+,+,+,+,+,+,+
1,8,5,5,0,0,+,+,+,+,+,+,+,+,+,+,+
1,8,5,6,0,176,+,+,83.6%,95.2%,86.8%#,2.8%,3.0%#,77.1%,88.3%,79.7%#,91.5%#
1,9,0,0,0,0,+,+,+,+,+,+,+,+,+,+,+
1,9,0,1,0,0,+,+,+,+,+,+,+,+,+,+,+
1,9,0,2,0,0,+,+,+,+,+,+,+,+,+,+,+
1,9,0,3,0,0,+,+,+,+,+,+,+,+,+,+,+
1,9,0,4,0,0,+,+,+,+,+,+,+,+,+,+,+
1,9,0,5,0,0,+,+,+,+,+,+,+,+,+,+,+
1,9,0,6,0,37162,+,+,61.7%,91.1%,67.7%,0.3%,0.3%,61.2%,62.1%,67.1%,68.2%
1,9,1,0,0,0,+,+,+,+,+,+,+,+,+,+,+
1,9,1,1,0,0,+,+,+,+,+,+,+,+,+,+,+
1,9,1,2,0,0,+,+,+,+,+,+,+,+,+,+,+
1,9,1,3,0,0,+,+,+,+,+,+,+,+,+,+,+
1,9,1,4,0,0,+,+,+,+,+,+,+,+,+,+,+
1,9,1,5,0,0,+,+,+,+,+,+,+,+,+,+,+
1,9,1,6,0,3855,58.33,+,49.5%,90.6%,54.6%,0.8%,0.9%,47.9%,51.0%,52.8%,56.3%
1,9,2,0,0,0,+,+,+,+,+,+,+,+,+,+,+
1,9,2,1,0,0,+,+,+,+,+,+,+,+,+,+,+
1,9,2,2,0,0,+,+,+,+,+,+,+,+,+,+,+
1,9,2,3,0,0,+,+,+,+,+,+,+,+,+,+,+
1,9,2,4,0,0,+,+,+,+,+,+,+,+,+,+,+
1,9,2,5,0,0,+,+,+,+,+,+,+,+,+,+,+
1,9,2,6,0,423,+,+,53.0%,92.1%,57.5%,2.4%,2.6%,48.1%,57.6%,52.1%,62.4%
1,9,3,0,0,0,+,+,+,+,+,+,+,+,+,+,+
1,9,3,1,0,0,+,+,+,+,+,+,+,+,+,+,+
1,9,3,2,0,0,+,+,+,+,+,+,+,+,+,+,+
1,9,3,3,0,0,+,+,+,+,+,+,+,+,+,+,+
1,9,3,4,0,0,+,+,+,+,+,+,+,+,+,+,+
1,9,3,5,0,0,+,+,+,+,+,+,+,+,+,+,+
1,9,3,6,0,4809,+,+,63.1%,95.3%,66.2%,0.7%,0.7%,61.7%,64.5%,64.8%,67.6%
1,9,4,0,0,0,+,+,+,+,+,+,+,+,+,+,+
1,9,4,1,0,0,+,+,+,+,+,+,+,+,+,+,+
1,9,4,2,0,0,+,+,+,+,+,+,+,+,+,+,+
1,9,4,3,0,0,+,+,+,+,+,+,+,+,+,+,+
1,9,4,4,0,0,+,+,+,+,+,+,+,+,+,+,+
1,9,4,5,0,0,+,+,+,+,+,+,+,+,+,+,+
1,9,4,6,0,5084,+,+,61.2%,95.0%,64.4%,0.7%,0.7%,59.8%,62.5%,63.0%,65.8%
1,9,5,0,0,0,+,+,+,+,+,+,+,+,+,+,+
1,9,5,1,0,0,+,+,+,+,+,+,+,+,+,+,+
1,9,5,2,0,0,+,+,+,+,+,+,+,+,+,+,+
1,9,5,3,0,0,+,+,+,+,+,+,+,+,+,+,+
1,9,5,4,0,0,+,+,+,+,+,+,+,+,+,+,+
1,9,5,5,0,0,+,+,+,+,+,+,+,+,+,+,+
1,9,5,6,0,144,+,+,84.3%,96.1%,86.0%#,3.1%,3.1%#,77.2%,89.4%,78.5%#,91.1%#
1,10,0,0,0,0,+,+,+,+,+,+,+,+,+,+,+
1,10,0,1,0,0,+,+,+,+,+,+,+,+,+,+,+
1,10,0,2,0,0,+,+,+,+,+,+,+,+,+,+,+
1,10,0,3,0,0,+,+,+,+,+,+,+,+,+,+,+
1,10,0,4,0,0,+,+,+,+,+,+,+,+,+,+,+
1,10,0,5,0,0,+,+,+,+,+,+,+,+,+,+,+
1,10,0,6,0,38111,+,+,62.7%,91.2%,68.7%,0.2%,0.3%,62.2%,63.2%,68.2%,69.3%
1,10,1,0,0,0,+,+,+,+,+,+,+,+,+,+,+
1,10,1,1,0,0,+,+,+,+,+,+,+,+,+,+,+
1,10,1,2,0,0,+,+,+,+,+,+,+,+,+,+,+
1,10,1,3,0,0,+,+,+,+,+,+,+,+,+,+,+
1,10,1,4,0,0,+,+,+,+,+,+,+,+,+,+,+
1,10,1,5,0,0,+,+,+,+,+,+,+,+,+,+,+
1,10,1,6,0,3956,53.04,+,48.4%,90.9%,53.3%,0.8%,0.9%,46.9%,50.0%,51.5%,55.0%
1,10,2,0,0,0,+,+,+,+,+,+,+,+,+,+,+
1,10,2,1,0,0,+,+,+,+,+,+,+,+,+,+,+
1,10,2,2,0,0,+,+,+,+,+,+,+,+,+,+,+
1,10,2,3,0,0,+,+,+,+,+,+,+,+,+,+,+
1,10,2,4,0,0,+,+,+,+,+,+,+,+,+,+,+
1,10,2,5,0,0,+,+,+,+,+,+,+,+,+,+,+
1,10,2,6,0,439,+,+,60.5%,92.5%,65.4%,2.3%,2.5%,55.8%,64.9%,60.2%,70.1%
1,10,3,0,0,0,+,+,+,+,+,+,+,+,+,+,+
1,10,3,1,0,0,+,+,+,+,+,+,+,+,+,+,+
1,10,3,2,0,0,+,+,+,+,+,+,+,+,+,+,+
1,10,3,3,0,0,+,+,+,+,+,+,+,+,+,+,+
1,10,3,4,0,0,+,+,+,+,+,+,+,+,+,+,+
1,10,3,5,0,0,+,+,+,+,+,+,+,+,+,+,+
1,10,3,6,0,5325,+,+,63.6%,95.3%,66.8%,0.7%,0.7%,62.3%,64.9%,65.4%,68.1%
1,10,4,0,0,0,+,+,+,+,+,+,+,+,+,+,+
1,10,4,1,0,0,+,+,+,+,+,+,+,+,+,+,+
1,10,4,2,0,0,+,+,+,+,+,+,+,+,+,+,+
1,10,4,3,0,0,+,+,+,+,+,+,+,+,+,+,+
1,10,4,4,0,0,+,+,+,+,+,+,+,+,+,+,+
1,10,4,5,0,0,+,+,+,+,+,+,+,+,+,+,+
1,10,4,6,0,5401,+,+,60.9%,94.9%,64.1%,0.7%,0.7%,59.5%,62.2%,62.7%,65.5%
1,10,5,0,0,0,+,+,+,+,+,+,+,+,+,+,+
1,10,5,1,0,0,+,+,+,+,+,+,+,+,+,+,+
1,10,5,2,0,0,+,+,+,+,+,+,+,+,+,+,+
1,10,5,3,0,0,+,+,+,+,+,+,+,+,+,+,+
1,10,5,4,0,0,+,+,+,+,+,+,+,+,+,+,+
1,10,5,5,0,0,+,+,+,+,+,+,+,+,+,+,+
1,10,5,6,0,193,+,+,79.6%,95.8%,82.6%#,2.9%,2.9%#,73.1%,84.6%,76.0%#,87.6%#
1,11,0,0,0,0,+,+,+,+,+,+,+,+,+,+,+
1,11,0,1,0,0,+,+,+,+,+,+,+,+,+,+,+
1,11,0,2,0,0,+,+,+,+,+,+,+,+,+,+,+
1,11,0,3,0,0,+,+,+,+,+,+,+,+,+,+,+
1,11,0,4,0,0,+,+,+,+,+,+,+,+,+,+,+
1,11,0,5,0,0,+,+,+,+,+,+,+,+,+,+,+
1,11,0,6,0,38016,+,+,63.1%,91.4%,69.1%,0.2%,0.3%,62.7%,63.6%,68.5%,69.6%
1,11,1,0,0,0,+,+,+,+,+,+,+,+,+,+,+
1,11,1,1,0,0,+,+,+,+,+,+,+,+,+,+,+
1,11,1,2,0,0,+,+,+,+,+,+,+,+,+,+,+
1,11,1,3,0,0,+,+,+,+,+,+,+,+,+,+,+
1,11,1,4,0,0,+,+,+,+,+,+,+,+,+,+,+
1,11,1,5,0,0,+,+,+,+,+,+,+,+,+,+,+
1,11,1,6,0,4229,+,+,50.6%,91.2%,55.6%,0.8%,0.8%,49.1%,52.1%,53.9%,57.2%
1,11,2,0,0,0,+,+,+,+,+,+,+,+,+,+,+
1,11,2,1,0,0,+,+,+,+,+,+,+,+,+,+,+
1,11,2,2,0,0,+,+,+,+,+,+,+,+,+,+,+
1,11,2,3,0,0,+,+,+,+,+,+,+,+,+,+,+
1,11,2,4,0,0,+,+,+,+,+,+,+,+,+,+,+
1,11,2,5,0,0,+,+,+,+,+,+,+,+,+,+,+
1,11,2,6,0,385,+,+,58.4%,92.1%,63.4%,2.5%,2.7%,53.3%,63.2%,57.8%,68.5%
1,11,3,0,0,0,+,+,+,+,+,+,+,+,+,+,+
1,11,3,1,0,0,+,+,+,+,+,+,+,+,+,+,+
1,11,3,2,0,0,+,+,+,+,+,+,+,+,+,+,+
1,11,3,3,0,0,+,+,+,+,+,+,+,+,+,+,+
1,11,3,4,0,0,+,+,+,+,+,+,+,+,+,+,+
1,11,3,5,0,0,+,+,+,+,+,+,+,+,+,+,+
1,11,3,6,0,5538,+,+,64.3%,95.6%,67.3%,0.6%,0.7%,63.0%,65.6%,65.9%,68.6%
1,11,4,0,0,0,+,+,+,+,+,+,+,+,+,+,+
1,11,4,1,0,0,+,+,+,+,+,+,+,+,+,+,+
1,11,4,2,0,0,+,+,+,+,+,+,+,+,+,+,+
1,11,4,3,0,0,+,+,+,+,+,+,+,+,+,+,+
1,11,4,4,0,0,+,+,+,+,+,+,+,+,+,+,+
1,11,4,5,0,0,+,+,+,+,+,+,+,+,+,+,+
1,11,4,6,0,5710,+,+,61.8%,94.8%,65.2%,0.7%,0.7%,60.5%,63.1%,63.8%,66.5%
1,11,5,0,0,0,+,+,+,+,+,+,+,+,+,+,+
1,11,5,1,0,0,+,+,+,+,+,+,+,+,+,+,+
1,11,5,2,0,0,+,+,+,+,+,+,+,+,+,+,+
1,11,5,3,0,0,+,+,+,+,+,+,+,+,+,+,+
1,11,5,4,0,0,+,+,+,+,+,+,+,+,+,+,+
1,11,5,5,0,0,+,+,+,+,+,+,+,+,+,+,+
1,11,5,6,0,157,+,+,93.4%,96.6%,95.5%#,2.0%,1.8%#,88.1%,96.4%,90.2%#,97.9%#
1,12,0,0,0,0,+,+,+,+,+,+,+,+,+,+,+
1,12,0,1,0,0,+,+,+,+,+,+,+,+,+,+,+
1,12,0,2,0,0,+,+,+,+,+,+,+,+,+,+,+
1,12,0,3,0,0,+,+,+,+,+,+,+,+,+,+,+
1,12,0,4,0,0,+,+,+,+,+,+,+,+,+,+,+
1,12,0,5,0,0,+,+,+,+,+,+,+,+,+,+,+
1,12,0,6,0,37265,+,+,62.4%,91.7%,68.1%,0.3%,0.3%,61.9%,62.9%,67.6%,68.6%
1,12,1,0,0,0,+,+,+,+,+,+,+,+,+,+,+
1,12,1,1,0,0,+,+,+,+,+,+,+,+,+,+,+
1,12,1,2,0,0,+,+,+,+,+,+,+,+,+,+,+
1,12,1,3,0,0,+,+,+,+,+,+,+,+,+,+,+
1,12,1,4,0,0,+,+,+,+,+,+,+,+,+,+,+
1,12,1,5,0,0,+,+,+,+,+,+,+,+,+,+,+
1,12,1,6,0,4267,+,+,50.3%,91.2%,55.2%,0.8%,0.8%,48.8%,51.8%,53.5%,56.8%
1,12,2,0,0,0,+,+,+,+,+,+,+,+,+,+,+
1,12,2,1,0,0,+,+,+,+,+,+,+,+,+,+,+
1,12,2,2,0,0,+,+,+,+,+,+,+,+,+,+,+
1,12,2,3,0,0,+,+,+,+,+,+,+,+,+,+,+
1,12,2,4,0,0,+,+,+,+,+,+,+,+,+,+,+
1,12,2,5,0,0,+,+,+,+,+,+,+,+,+,+,+
1,12,2,6,0,443,+,+,59.6%,92.0%,64.7%#,2.3%,2.5%#,54.9%,64.0%,59.5%#,69.4%#
1,12,3,0,0,0,+,+,+,+,+,+,+,+,+,+,+
1,12,3,1,0,0,+,+,+,+,+,+,+,+,+,+,+
1,12,3,2,0,0,+,+,+,+,+,+,+,+,+,+,+
1,12,3,3,0,0,+,+,+,+,+,+,+,+,+,+,+
1,12,3,4,0,0,+,+,+,+,+,+,+,+,+,+,+
1,12,3,5,0,0,+,+,+,+,+,+,+,+,+,+,+
1,12,3,6,0,5452,+,+,65.3%,95.7%,68.2%,0.6%,0.7%,64.0%,66.5%,66.9%,69.5%
1,12,4,0,0,0,+,+,+,+,+,+,+,+,+,+,+
1,12,4,1,0,0,+,+,+,+,+,+,+,+,+,+,+
1,12,4,2,0,0,+,+,+,+,+,+,+,+,+,+,+
1,12,4,3,0,0,+,+,+,+,+,+,+,+,+,+,+
1,12,4,4,0,0,+,+,+,+,+,+,+,+,+,+,+
1,12,4,5,0,0,+,+,+,+,+,+,+,+,+,+,+
1,12,4,6,0,5797,+,+,62.6%,95.0%,65.9%,0.6%,0.7%,61.3%,63.9%,64.5%,67.2%
1,12,5,0,0,0,+,+,+,+,+,+,+,+,+,+,+
1,12,5,1,0,0,+,+,+,+,+,+,+,+,+,+,+
1,12,5,2,0,0,+,+,+,+,+,+,+,+,+,+,+
1,12,5,3,0,0,+,+,+,+,+,+,+,+,+,+,+
1,12,5,4,0,0,+,+,+,+,+,+,+,+,+,+,+
1,12,5,5,0,0,+,+,+,+,+,+,+,+,+,+,+
1,12,5,6,0,177,+,+,90.8%,95.5%,93.0%#,2.2%,2.2%#,85.4%,94.3%,87.0%#,96.3%#
1,13,0,0,0,456,+,+,89.0%,88.4%,100.0%*#,1.5%,0.7%#,85.8%,91.6%,#+,#+
1,13,0,1,0,17224,+,+,85.0%,92.1%,92.3%,0.3%,0.3%,84.5%,85.5%,91.7%,92.9%
1,13,0,2,0,8858,+,+,63.6%,92.4%,68.8%,0.5%,0.6%,62.6%,64.6%,67.7%,69.9%
1,13,0,3,0,8745,13.55,14.29,25.0%,90.3%,27.7%,0.5%,0.5%,24.1%,25.9%,26.7%,28.7%
1,13,0,4,0,0,+,+,+,+,+,+,+,+,+,+,+
1,13,0,5,0,1622,8.79,9.57,25.4%,89.5%,28.3%,1.1%,1.2%,23.3%,27.5%,26.0%,30.7%
1,13,0,6,0,0,+,+,+,+,+,+,+,+,+,+,+
1,13,1,0,0,29,+,+,89.7%,88.4%,96.9%*#,5.7%,3.4%#,71.3%,96.5%,75.5%#@,99.7%#@
1,13,1,1,0,1625,+,+,78.8%,91.8%,85.7%#,1.0%,1.1%#,76.7%,80.7%,83.4%#,87.8%#
1,13,1,2,0,1249,+,+,56.4%,92.3%,61.1%,1.4%,1.5%,53.6%,59.1%,58.0%,64.0%
1,13,1,3,0,1291,11.61,12.01,19.7%,90.4%,21.8%,1.1%,1.2%,17.6%,21.9%,19.5%,24.3%
1,13,1,4,0,0,+,+,+,+,+,+,+,+,+,+,+
1,13,1,5,0,233,7.63,7.87,20.3%,90.4%,22.4%,2.6%,2.9%,15.4%,25.7%,17.0%,28.4%
1,13,1,6,0,0,+,+,+,+,+,+,+,+,+,+,+
1,13,2,0,0,1,+,+,100.0%,84.2%,100.0%*#,0.0%,0.0%#,+,+,#+,#+
1,13,2,1,0,204,+,+,85.2%,91.2%,91.7%#,2.5%,2.5%#,79.6%,89.4%,85.3%#,95.4%#
1,13,2,2,0,144,+,+,57.6%,92.8%,62.0%#,4.1%,4.4%#,49.1%,65.2%,52.7%#,70.0%#
1,13,2,3,0,125,12.30,12.53,18.4%,91.3%,19.9%#,3.5%,3.7%#,12.2%,25.6%,13.1%#,27.7%#
1,13,2,4,0,0,+,+,+,+,+,+,+,+,+,+,+
1,13,2,5,0,31,5.50,5.55,32.3%,94.1%,33.9%#,8.4%,8.8%#,16.9%,48.6%,17.7%#,51.0%#
1,13,2,6,0,0,+,+,+,+,+,+,+,+,+,+,+
1,13,3,0,0,28,+,+,78.6%,90.1%,87.2%,7.8%,8.6%,58.4%,89.8%,57.0%,96.7%
1,13,3,1,0,2506,+,+,87.6%,95.8%,91.5%,0.7%,0.7%,86.3%,88.9%,90.0%,92.7%
1,13,3,2,0,1648,+,+,69.4%,96.1%,72.3%,1.1%,1.2%,67.1%,71.6%,69.8%,74.5%
1,13,3,3,0,1311,15.69,16.16,25.0%,95.0%,26.3%,1.2%,1.3%,22.7%,27.4%,23.9%,28.9%
1,13,3,4,0,0,+,+,+,+,+,+,+,+,+,+,+
1,13,3,5,0,239,11.37,11.64,28.6%,94.7%,30.1%#,3.0%,3.1%#,23.0%,34.5%,24.1%#,36.3%#
1,13,3,6,0,0,+,+,+,+,+,+,+,+,+,+,+
1,13,4,0,0,35,+,+,77.0%,89.1%,86.2%#,7.1%,8.0%#,59.3%,87.8%,60.4%#,95.7%#
1,13,4,1,0,2554,+,+,85.0%,95.3%,89.2%,0.7%,0.8%,83.5%,86.3%,87.6%,90.6%
1,13,4,2,0,1702,+,+,66.0%,95.3%,69.2%,1.2%,1.2%,63.6%,68.2%,66.7%,71.5%
1,13,4,3,0,1433,14.50,15.09,26.3%,94.1%,28.0%,1.2%,1.3%,24.1%,28.7%,25.6%,30.5%
1,13,4,4,0,0,+,+,+,+,+,+,+,+,+,+,+
1,13,4,5,0,385,12.10,12.66,32.2%,93.5%,34.4%#,2.4%,2.6%#,27.5%,36.9%,29.3%#,39.4%#
1,13,4,6,0,0,+,+,+,+,+,+,+,+,+,+,+
1,13,5,0,0,5,+,+,80.0%,88.5%,85.5%#,17.9%,19.1%#,20.4%,96.9%,7.7%#,99.0%#
1,13,5,1,0,105,+,+,94.1%,96.0%,97.0%#,2.3%,2.2%#,87.3%,97.3%,87.7%#@,99.3%#@
1,13,5,2,0,31,+,+,80.0%,94.9%,83.5%#,7.3%,7.6%#,60.8%,90.5%,61.5%#,93.5%#
1,13,5,3,0,25,+,+,83.8%,94.0%,87.3%#,7.4%,7.7%#,62.4%,93.6%,61.4%#,96.3%#
1,13,5,4,0,0,+,+,+,+,+,+,+,+,+,+,+
1,13,5,5,0,21,+,+,89.2%,89.1%,97.7%*#,7.2%,7.9%#,63.1%,97.2%,0.0%#@,100.0%#@
1,13,5,6,0,0,+,+,+,+,+,+,+,+,+,+,+
1,14,0,0,0,424,+,+,87.2%,88.9%,97.9%#,1.6%,1.4%#,83.7%,90.1%,92.0%#@,99.5%#@
1,14,0,1,0,17606,+,+,85.4%,92.4%,92.5%,0.3%,0.3%,84.9%,85.9%,91.9%,93.0%
1,14,0,2,0,9023,+,+,65.2%,92.6%,70.5%,0.5%,0.5%,64.3%,66.2%,69.4%,71.5%
1,14,0,3,0,8707,13.80,14.56,25.5%,90.9%,28.0%,0.5%,0.5%,24.6%,26.4%,27.0%,29.0%
1,14,0,4,0,0,+,+,+,+,+,+,+,+,+,+,+
1,14,0,5,0,1553,9.01,9.54,26.7%,89.9%,29.7%,1.1%,1.3%,24.5%,28.9%,27.3%,32.2%
1,14,0,6,0,0,+,+,+,+,+,+,+,+,+,+,+
1,14,1,0,0,20,+,+,80.0%,86.7%,89.6%#,8.9%,10.0%#,55.1%,92.0%,44.6%#@,98.5%#@
1,14,1,1,0,1771,+,+,79.4%,92.3%,86.0%,1.0%,1.0%,77.4%,81.2%,83.8%,87.9%
1,14,1,2,0,1211,+,+,53.9%,92.4%,58.3%,1.4%,1.6%,51.0%,56.6%,55.2%,61.3%
1,14,1,3,0,1297,11.48,12.03,20.9%,90.8%,23.0%,1.1%,1.3%,18.7%,23.2%,20.6%,25.5%
1,14,1,4,0,0,+,+,+,+,+,+,+,+,+,+,+
1,14,1,5,0,222,9.60,10.07,24.3%,88.5%,27.3%#,2.9%,3.2%#,18.9%,30.1%,21.2%#,33.7%#
1,14,1,6,0,0,+,+,+,+,+,+,+,+,+,+,+
1,14,2,0,0,1,+,+,100.0%,96.3%,100.0%*#,0.0%,0.0%#,+,+,#+,#+
1,14,2,1,0,204,+,+,80.3%,90.3%,88.6%#,2.8%,3.0%#,74.1%,85.2%,81.0%#,93.3%#
1,14,2,2,0,134,+,+,58.2%,93.3%,62.1%#,4.3%,4.5%#,49.4%,66.0%,52.5%#,70.3%#
1,14,2,3,0,124,8.00,8.31,18.5%,92.3%,20.0%#,3.5%,3.8%#,12.3%,25.8%,13.2%#,27.8%#
1,14,2,4,0,0,+,+,+,+,+,+,+,+,+,+,+
1,14,2,5,0,28,13.00,18.48!,42.9%,91.0%,46.7%#,9.4%,10.2%#,24.6%,60.0%,26.3%#,64.8%#
1,14,2,6,0,0,+,+,+,+,+,+,+,+,+,+,+
1,14,3,0,0,42,+,+,83.3%,90.7%,91.2%#,5.8%,6.3%#,68.2%,91.7%,67.0%#@,97.9%#@
1,14,3,1,0,2637,+,+,88.2%,96.2%,91.7%,0.6%,0.7%,86.9%,89.4%,90.3%,92.9%
1,14,3,2,0,1694,+,+,68.8%,96.2%,71.5%,1.1%,1.2%,66.5%,71.0%,69.2%,73.8%
1,14,3,3,0,1318,14.30,14.67!,24.3%,95.2%,25.5%,1.2%,1.3%,22.0%,26.7%,23.1%,28.0%
1,14,3,4,0,0,+,+,+,+,+,+,+,+,+,+,+
1,14,3,5,0,208,13.32,13.99!,33.3%,94.4%,35.2%#,3.3%,3.5%#,26.9%,39.9%,28.4%#,42.0%#
1,14,3,6,0,0,+,+,+,+,+,+,+,+,+,+,+
1,14,4,0,0,34,+,+,90.9%,92.6%,97.1%#,5.0%,5.3%#,74.4%,97.0%,30.2%#@,99.9%#@
1,14,4,1,0,2728,+,+,85.6%,95.2%,90.0%,0.7%,0.7%,84.2%,86.9%,88.5%,91.3%
1,14,4,2,0,1796,+,+,66.8%,95.3%,70.1%,1.1%,1.2%,64.6%,69.0%,67.7%,72.4%
1,14,4,3,0,1440,14.60,15.05!,26.8%,94.4%,28.4%,1.2%,1.3%,24.5%,29.2%,26.0%,30.9%
1,14,4,4,0,0,+,+,+,+,+,+,+,+,+,+,+
1,14,4,5,0,355,12.22,12.46!,33.0%,93.6%,35.2%,2.6%,2.7%,28.1%,38.0%,29.9%,40.6%
1,14,4,6,0,0,+,+,+,+,+,+,+,+,+,+,+
1,14,5,0,0,6,+,+,100.0%,86.8%,100.0%*#,0.0%,0.0%#,+,+,#+,#+
1,14,5,1,0,94,+,+,94.6%,95.7%,95.3%#,2.3%,2.3%#,87.6%,97.7%,87.7%#,98.2%#
1,14,5,2,0,23,+,+,90.7%,94.9%,94.1%#,6.3%,6.5%#,67.6%,97.6%,56.9%#@,99.3%#@
1,14,5,3,0,34,+,+,72.8%,95.0%,73.8%#,7.7%,7.9%#,54.2%,84.8%,54.7%#,85.8%#
1,14,5,4,0,0,+,+,+,+,+,+,+,+,+,+,+
1,14,5,5,0,10,+,+,70.0%,86.8%,73.6%#,14.5%,15.2%#,32.9%,89.2%,31.6%#,92.2%#
1,14,5,6,0,0,+,+,+,+,+,+,+,+,+,+,+
1,15,0,0,0,470,+,+,85.5%,89.6%,95.1%#,1.6%,1.8%#,82.0%,88.4%,90.1%#,97.6%#
1,15,0,1,0,17795,+,+,86.3%,92.6%,93.2%,0.3%,0.3%,85.8%,86.8%,92.7%,93.8%
1,15,0,2,0,8874,+,+,66.1%,92.9%,71.2%,0.5%,0.5%,65.1%,67.1%,70.1%,72.3%
1,15,0,3,0,8924,14.89,15.80!,26.2%,90.8%,28.8%,0.5%,0.5%,25.3%,27.1%,27.8%,29.9%
1,15,0,4,0,0,+,+,+,+,+,+,+,+,+,+,+
1,15,0,5,0,1607,9.83,10.52!,27.1%,90.1%,30.1%,1.1%,1.2%,24.9%,29.3%,27.7%,32.5%
1,15,0,6,0,0,+,+,+,+,+,+,+,+,+,+,+
1,15,1,0,0,29,+,+,72.4%,83.2%,85.7%#,8.3%,9.8%#,52.3%,85.1%,51.5%#,96.5%#
1,15,1,1,0,1703,+,+,80.8%,92.4%,87.5%,1.0%,1.0%,78.8%,82.6%,85.3%,89.4%
1,15,1,2,0,1265,+,+,57.6%,92.9%,62.0%,1.4%,1.5%,54.8%,60.3%,59.0%,64.9%
1,15,1,3,0,1263,11.88,12.34!,21.3%,90.9%,23.5%,1.2%,1.3%,19.1%,23.7%,21.0%,26.0%
1,15,1,4,0,0,+,+,+,+,+,+,+,+,+,+,+
1,15,1,5,0,247,15.01,18.03!,27.7%,89.8%,30.8%#,2.9%,3.2%#,22.3%,33.4%,24.7%#,37.1%#
1,15,1,6,0,0,+,+,+,+,+,+,+,+,+,+,+
1,15,2,0,0,3,+,+,66.7%,94.7%,67.7%#,27.2%,27.6%#,5.4%,94.5%,4.8%#,95.1%#
1,15,2,1,0,205,+,+,77.5%,92.0%,83.7%#,2.9%,3.2%#,71.2%,82.6%,76.4%#,89.0%#
1,15,2,2,0,133,+,+,58.6%,92.2%,63.5%#,4.3%,4.6%#,49.8%,66.5%,53.7%#,71.8%#
1,15,2,3,0,141,11.13,11.39!,17.0%,92.2%,18.5%,3.2%,3.4%,11.4%,23.7%,12.3%,25.6%
1,15,2,4,0,0,+,+,+,+,+,+,+,+,+,+,+
1,15,2,5,0,36,5.00,6.18!,27.8%,93.0%,29.2%#,7.5%,7.9%#,14.5%,42.8%,15.2%#,44.9%#
1,15,2,6,0,0,+,+,+,+,+,+,+,+,+,+,+
1,15,3,0,0,26,+,+,88.5%,92.9%,90.7%#,6.3%,6.4%#,68.4%,96.1%,66.8%#,97.7%#
1,15,3,1,0,2710,+,+,88.0%,96.0%,91.7%,0.6%,0.7%,86.7%,89.2%,90.3%,92.9%
1,15,3,2,0,1625,+,+,69.0%,96.1%,71.8%,1.2%,1.2%,66.6%,71.2%,69.4%,74.1%
1,15,3,3,0,1391,14.71,15.13!,23.3%,94.8%,24.6%,1.2%,1.2%,21.1%,25.6%,22.3%,27.0%
1,15,3,4,0,0,+,+,+,+,+,+,+,+,+,+,+
1,15,3,5,0,279,12.32,12.61!,27.1%,92.9%,29.2%#,2.7%,2.9%#,22.0%,32.5%,23.6%#,34.9%#
1,15,3,6,0,0,+,+,+,+,+,+,+,+,+,+,+
1,15,4,0,0,33,+,+,78.8%,91.9%,84.6%#,7.1%,7.6%#,60.6%,89.3%,61.7%#,94.4%#
1,15,4,1,0,2780,+,+,85.9%,95.4%,90.0%,0.7%,0.7%,84.6%,87.2%,88.6%,91.3%
1,15,4,2,0,1779,+,+,67.8%,95.6%,71.0%,1.1%,1.2%,65.6%,70.0%,68.6%,73.2%
1,15,4,3,0,1547,13.67,14.09!,26.0%,94.9%,27.4%,1.1%,1.2%,23.8%,28.2%,25.1%,29.7%
1,15,4,4,0,0,+,+,+,+,+,+,+,+,+,+,+
1,15,4,5,0,386,12.24,12.65!,31.8%,93.6%,33.9%#,2.4%,2.6%#,27.1%,36.6%,28.9%#,39.0%#
1,15,4,6,0,0,+,+,+,+,+,+,+,+,+,+,+
1,15,5,0,0,4,+,+,100.0%,92.7%,100.0%*#,0.0%,0.0%#,+,+,#+,#+
1,15,5,1,0,158,+,+,99.3%,96.5%,100.0%*#,0.7%,0.0%#,95.5%@,99.9%@,#+,#+
1,15,5,2,0,39,+,+,91.8%,95.6%,94.4%#,4.6%,4.7%#,76.6%,97.3%,73.3%#@,98.9%#@
1,15,5,3,0,24,+,+,65.3%,95.0%,67.8%#,9.9%,10.3%#,42.4%,80.9%,43.3%#,83.4%#
1,15,5,4,0,0,+,+,+,+,+,+,+,+,+,+,+
1,15,5,5,0,21,+,+,95.0%,94.6%,95.8%*#,4.9%,4.9%#,69.5%@,99.3%@,64.1%#@,99.6%#@
1,15,5,6,0,0,+,+,+,+,+,+,+,+,+,+,+
1,16,0,0,0,423,+,+,87.0%,89.2%,97.5%,1.6%,1.8%,83.4%,89.9%,89.7%@,99.4%@
1,16,0,1,0,17847,+,+,87.0%,92.8%,93.7%,0.3%,0.3%,86.5%,87.4%,93.1%,94.2%
1,16,0,2,0,8997,+,+,66.0%,93.1%,70.9%,0.5%,0.5%,65.0%,67.0%,69.9%,72.0%
1,16,0,3,0,8827,15.69,16.70!,27.0%,90.9%,29.7%,0.5%,0.5%,26.1%,28.0%,28.7%,30.7%
1,16,0,4,0,0,+,+,+,+,+,+,+,+,+,+,+
1,16,0,5,0,1482,9.67,10.40!,27.5%,90.4%,30.4%,1.2%,1.3%,25.2%,29.8%,27.9%,32.9%
1,16,0,6,0,0,+,+,+,+,+,+,+,+,+,+,+
1,16,1,0,0,15,+,+,60.0%,83.3%,69.6%#,12.6%,14.7%#,31.8%,79.7%,32.2%#,89.1%#
1,16,1,1,0,1865,+,+,82.9%,92.3%,89.8%,0.9%,0.9%,81.1%,84.5%,87.7%,91.5%
1,16,1,2,0,1298,+,+,57.0%,92.4%,61.7%,1.4%,1.5%,54.3%,59.7%,58.7%,64.6%
1,16,1,3,0,1353,12.33,12.86!,21.3%,91.3%,23.3%,1.1%,1.2%,19.2%,23.5%,21.0%,25.8%
1,16,1,4,0,0,+,+,+,+,+,+,+,+,+,+,+
1,16,1,5,0,240,9.64,10.11!,25.0%,91.6%,27.1%#,2.8%,3.0%#,19.7%,30.6%,21.3%#,33.2%#
1,16,1,6,0,0,+,+,+,+,+,+,+,+,+,+,+
1,16,2,0,0,1,+,+,100.0%,83.2%,100.0%*#,0.0%,0.0%#,+,+,#+,#+
1,16,2,1,0,196,+,+,81.6%,92.9%,87.4%#,2.8%,3.0%#,75.5%,86.4%,80.2%#,92.1%#
1,16,2,2,0,142,+,+,59.6%,93.0%,64.1%,4.1%,4.4%,51.0%,67.2%,54.7%,72.1%
1,16,2,3,0,131,11.31,11.59!,21.6%,89.9%,23.6%#,3.6%,4.0%#,15.0%,29.0%,16.4%#,31.7%#
1,16,2,4,0,0,+,+,+,+,+,+,+,+,+,+,+
1,16,2,5,0,30,13.00,13.41!,26.7%,87.8%,30.2%#,8.1%,9.2%#,12.6%,43.0%,14.0%#,48.3%#
1,16,2,6,0,0,+,+,+,+,+,+,+,+,+,+,+
1,16,3,0,0,31,+,+,90.3%,92.7%,97.2%#,5.3%,5.7%#,72.9%,96.8%,20.9%#@,99.9%#@
1,16,3,1,0,2887,+,+,89.0%,96.0%,92.7%,0.6%,0.6%,87.7%,90.0%,91.4%,93.8%
1,16,3,2,0,1750,+,+,69.3%,96.1%,72.1%,1.1%,1.2%,67.0%,71.4%,69.7%,74.3%
1,16,3,3,0,1397,16.12,16.53!,27.1%,95.0%,28.5%,1.2%,1.3%,24.8%,29.5%,26.1%,31.0%
1,16,3,4,0,0,+,+,+,+,+,+,+,+,+,+,+
1,16,3,5,0,321,19.96,20.91!,33.2%,95.0%,34.8%#,2.7%,2.8%#,28.0%,38.4%,29.3%#,40.3%#
1,16,3,6,0,0,+,+,+,+,+,+,+,+,+,+,+
1,16,4,0,0,48,+,+,89.2%,91.7%,93.6%#,4.6%,4.8%#,76.0%,95.4%,73.9%#@,98.6%#@
1,16,4,1,0,2938,+,+,86.2%,95.5%,90.3%#,0.6%,0.7%#,84.9%,87.4%,88.9%#,91.6%#
1,16,4,2,0,1920,+,+,67.5%,95.9%,70.4%,1.1%,1.1%,65.3%,69.6%,68.1%,72.6%
1,16,4,3,0,1548,16.39,17.53!,29.0%,94.5%,30.7%,1.2%,1.2%,26.7%,31.3%,28.3%,33.2%
1,16,4,4,0,0,+,+,+,+,+,+,+,+,+,+,+
1,16,4,5,0,426,12.63,12.98!,31.0%,94.4%,32.9%,2.3%,2.4%,26.6%,35.6%,28.1%,37.7%
1,16,4,6,0,0,+,+,+,+,+,+,+,+,+,+,+
1,16,5,0,0,5,+,+,100.0%,90.1%,100.0%*#,0.0%,0.0%#,+,+,#+,#+
1,16,5,1,0,152,+,+,98.6%,96.6%,99.9%*#,1.0%,0.7%#,94.6%@,99.7%@,0.0%#@,100.0%#@
1,16,5,2,0,29,+,+,96.3%,96.9%,97.4%#,3.6%,3.7%#,76.5%@,99.5%@,64.7%#@,99.8%#@
1,16,5,3,0,28,+,+,89.0%,96.5%,89.3%#,6.0%,6.0%#,69.5%,96.3%,69.4%#,96.6%#
1,16,5,4,0,0,+,+,+,+,+,+,+,+,+,+,+
1,16,5,5,0,32,+,+,85.8%,94.2%,87.9%#,6.6%,6.8%#,66.4%,94.5%,66.0%#,96.1%#
1,16,5,6,0,0,+,+,+,+,+,+,+,+,+,+,+
1,17,0,0,0,437,+,+,86.5%,90.0%,96.1%,1.6%,1.8%,82.9%,89.4%,90.4%,98.4%
1,17,0,1,0,18477,+,+,86.6%,92.9%,93.2%,0.3%,0.3%,86.1%,87.1%,92.7%,93.7%
1,17,0,2,0,8949,+,+,66.5%,93.0%,71.5%,0.5%,0.5%,65.5%,67.5%,70.4%,72.5%
1,17,0,3,0,8891,16.78,18.08!,28.2%,91.2%,30.9%,0.5%,0.5%,27.2%,29.1%,29.9%,31.9%
1,17,0,4,0,0,+,+,+,+,+,+,+,+,+,+,+
1,17,0,5,0,1484,9.20,9.84!,28.3%,90.1%,31.4%,1.2%,1.3%,26.0%,30.6%,28.8%,34.0%
1,17,0,6,0,0,+,+,+,+,+,+,+,+,+,+,+
1,17,1,0,0,19,+,+,78.9%,86.1%,90.2%#,9.4%,10.7%#,53.2%,91.5%,37.3%#@,98.9%#@
1,17,1,1,0,1824,+,+,81.9%,92.2%,88.9%,0.9%,1.0%,80.1%,83.6%,86.8%,90.6%
1,17,1,2,0,1316,+,+,56.7%,92.9%,61.0%,1.4%,1.5%,54.0%,59.3%,58.1%,63.9%
1,17,1,3,0,1349,12.43,13.23!,21.5%,91.4%,23.5%,1.1%,1.2%,19.3%,23.7%,21.1%,25.9%
1,17,1,4,0,0,+,+,+,+,+,+,+,+,+,+,+
1,17,1,5,0,248,9.86,10.68!,26.1%,90.7%,28.7%#,2.8%,3.1%#,20.8%,31.7%,22.9%#,34.9%#
1,17,1,6,0,0,+,+,+,+,+,+,+,+,+,+,+
1,17,2,0,0,1,34.50,34.53!,0.0%,+,0.0%,0.0%,0.0%,+,+,+,+
1,17,2,1,0,219,+,+,82.2%,92.5%,88.1%#,2.6%,2.8%#,76.4%,86.7%,81.3%#,92.5%#
1,17,2,2,0,156,+,+,60.3%,92.4%,65.2%,3.9%,4.2%,52.1%,67.4%,56.2%,72.8%
1,17,2,3,0,154,7.67,7.99!,19.5%,91.0%,21.3%#,3.2%,3.5%#,13.7%,26.1%,14.9%#,28.5%#
1,17,2,4,0,0,+,+,+,+,+,+,+,+,+,+,+
1,17,2,5,0,40,8.50,8.65!,27.5%,93.6%,28.8%#,7.1%,7.4%#,14.9%,41.7%,15.5%#,43.6%#
1,17,2,6,0,0,+,+,+,+,+,+,+,+,+,+,+
1,17,3,0,0,38,+,+,80.9%,90.3%,88.3%#,6.5%,7.1%#,64.1%,90.4%,64.4%#,96.6%#
1,17,3,1,0,3143,+,+,88.6%,96.2%,92.1%,0.6%,0.6%,87.4%,89.7%,90.8%,93.1%
1,17,3,2,0,1707,+,+,70.3%,96.5%,72.9%,1.1%,1.2%,68.1%,72.4%,70.5%,75.1%
1,17,3,3,0,1518,19.72,20.71!,27.3%,95.5%,28.6%,1.2%,1.2%,25.0%,29.6%,26.2%,31.0%
1,17,3,4,0,0,+,+,+,+,+,+,+,+,+,+,+
1,17,3,5,0,274,15.05,17.76!,32.2%,93.8%,34.3%,2.9%,3.1%,26.7%,37.9%,28.4%,40.3%
1,17,3,6,0,0,+,+,+,+,+,+,+,+,+,+,+
1,17,4,0,0,39,+,+,78.8%,91.2%,86.3%#,6.7%,7.3%#,62.0%,88.8%,63.5%#,95.3%#
1,17,4,1,0,3121,+,+,85.8%,95.7%,89.7%,0.6%,0.7%,84.5%,87.0%,88.3%,90.9%
1,17,4,2,0,1984,+,+,67.2%,96.0%,70.0%,1.1%,1.1%,65.1%,69.3%,67.8%,72.1%
1,17,4,3,0,1627,18.37,19.26!,29.2%,95.0%,30.8%,1.2%,1.2%,27.0%,31.5%,28.4%,33.2%
1,17,4,4,0,0,+,+,+,+,+,+,+,+,+,+,+
1,17,4,5,0,420,14.54,15.46!,36.1%,94.1%,38.3%#,2.4%,2.6%#,31.4%,40.8%,33.3%#,43.3%#
1,17,4,6,0,0,+,+,+,+,+,+,+,+,+,+,+
1,17,5,0,0,7,+,+,100.0%,91.9%,100.0%*#,0.0%,0.0%#,+,+,#+,#+
1,17,5,1,0,166,+,+,98.1%,96.0%,100.0%*#,1.1%,0.0%#,94.4%,99.4%,#+,#+
1,17,5,2,0,45,+,+,88.7%,95.8%,90.3%#,4.7%,4.8%#,75.0%,95.1%,75.2%#,96.4%#
1,17,5,3,0,44,+,+,72.6%,93.0%,76.7%#,6.7%,7.1%#,56.8%,83.4%,59.0%#,87.5%#
1,17,5,4,0,0,+,+,+,+,+,+,+,+,+,+,+
1,17,5,5,0,49,+,+,89.2%,96.6%,91.3%#,4.6%,4.7%#,76.0%,95.4%,76.0%#,97.0%#
1,17,5,6,0,0,+,+,+,+,+,+,+,+,+,+,+
1,18,0,0,0,442,+,+,86.1%,89.3%,96.2%#,1.6%,1.8%#,82.5%,89.0%,90.3%#,98.6%#
1,18,0,1,0,18792,+,+,87.1%,93.2%,93.5%,0.2%,0.3%,86.6%,87.5%,92.9%,93.9%
1,18,0,2,0,9035,+,+,67.5%,93.3%,72.3%,0.5%,0.5%,66.5%,68.5%,71.3%,73.4%
1,18,0,3,0,8888,16.17,17.16!,27.6%,91.3%,30.2%,0.5%,0.5%,26.6%,28.5%,29.2%,31.2%
1,18,0,4,0,0,+,+,+,+,+,+,+,+,+,+,+
1,18,0,5,0,1473,10.73,11.42!,31.2%,91.5%,34.1%,1.2%,1.3%,28.9%,33.6%,31.6%,36.7%
1,18,0,6,0,0,+,+,+,+,+,+,+,+,+,+,+
1,18,1,0,0,20,+,+,95.0%,91.3%,98.5%*#,4.9%,5.1%#,69.5%@,99.3%@,0.0%#@,100.0%#@
1,18,1,1,0,2038,+,+,83.2%,92.4%,90.0%,0.8%,0.9%,81.5%,84.8%,88.1%,91.6%
1,18,1,2,0,1371,+,+,59.8%,93.1%,64.2%,1.3%,1.4%,57.1%,62.4%,61.3%,66.9%
1,18,1,3,0,1491,13.34,13.84!,22.5%,91.6%,24.6%,1.1%,1.2%,20.4%,24.7%,22.3%,26.9%
1,18,1,4,0,0,+,+,+,+,+,+,+,+,+,+,+
1,18,1,5,0,237,13.08,14.63!,30.2%,91.2%,33.0%#,3.0%,3.3%#,24.4%,36.1%,26.7%#,39.5%#
1,18,1,6,0,0,+,+,+,+,+,+,+,+,+,+,+
1,18,2,0,0,2,45.00,+,50.0%,80.4%,61.5%#,35.4%,43.5%#,0.6%,91.0%,0.0%#,97.2%#
1,18,2,1,0,247,+,+,85.3%,92.9%,90.7%#,2.3%,2.3%#,80.3%,89.2%,84.9%#,94.3%#
1,18,2,2,0,157,+,+,63.6%,91.8%,69.1%#,3.8%,4.2%#,55.6%,70.6%,60.1%#,76.5%#
1,18,2,3,0,127,12.50,13.80!,18.9%,90.9%,20.8%,3.5%,3.8%,12.6%,26.1%,13.9%,28.7%
1,18,2,4,0,0,+,+,+,+,+,+,+,+,+,+,+
1,18,2,5,0,26,8.50,8.57!,26.9%,92.3%,28.8%#,8.7%,9.3%#,11.9%,44.5%,12.6%#,47.3%#
1,18,2,6,0,0,+,+,+,+,+,+,+,+,+,+,+
1,18,3,0,0,31,+,+,86.7%,92.7%,90.3%#,6.2%,6.5%#,68.3%,94.8%,66.7%#,97.5%#
1,18,3,1,0,3124,+,+,89.0%,96.4%,92.3%,0.6%,0.6%,87.9%,90.1%,91.1%,93.4%
1,18,3,2,0,1908,+,+,70.0%,96.4%,72.7%,1.1%,1.1%,67.9%,72.0%,70.4%,74.8%
1,18,3,3,0,1523,17.25,17.79!,25.0%,95.5%,26.2%,1.1%,1.2%,22.9%,27.3%,23.9%,28.6%
1,18,3,4,0,0,+,+,+,+,+,+,+,+,+,+,+
1,18,3,5,0,291,16.47,18.41!,32.7%,95.1%,34.3%#,2.8%,2.9%#,27.3%,38.2%,28.6%#,40.1%#
1,18,3,6,0,0,+,+,+,+,+,+,+,+,+,+,+
1,18,4,0,0,42,+,+,85.7%,92.8%,91.6%#,5.4%,5.8%#,70.9%,93.3%,69.9%#,97.9%#
1,18,4,1,0,3259,+,+,86.4%,95.7%,90.3%,0.6%,0.6%,85.1%,87.5%,88.9%,91.5%
1,18,4,2,0,1965,+,+,69.9%,95.9%,72.9%,1.1%,1.1%,67.7%,71.9%,70.6%,75.0%
1,18,4,3,0,1699,18.29,19.12!,30.1%,94.7%,31.8%,1.1%,1.2%,27.9%,32.3%,29.4%,34.1%
1,18,4,4,0,0,+,+,+,+,+,+,+,+,+,+,+
1,18,4,5,0,409,15.19,16.00!,35.6%,93.9%,37.9%,2.5%,2.6%,30.8%,40.4%,32.8%,43.0%
1,18,4,6,0,0,+,+,+,+,+,+,+,+,+,+,+
1,18,5,0,0,10,+,+,88.9%,95.5%,91.4%#,10.5%,10.8%#,43.3%@,98.4%@,30.9%#@,99.3%#@
1,18,5,1,0,161,+,+,96.6%,95.8%,98.1%*#,1.5%,1.3%#,92.1%,98.6%,92.7%#@,99.5%#@
1,18,5,2,0,43,+,+,87.0%,94.7%,91.5%#,5.4%,5.7%#,71.6%,94.4%,70.4%#,97.8%#
1,18,5,3,0,53,+,+,90.1%,93.3%,93.1%#,4.2%,3.8%#,77.7%,95.7%,80.4%#,97.7%#
1,18,5,4,0,0,+,+,+,+,+,+,+,+,+,+,+
1,18,5,5,0,61,+,+,86.2%,94.8%,90.4%#,4.5%,4.8%#,74.3%,92.8%,75.5%#,96.4%#
1,18,5,6,0,0,+,+,+,+,+,+,+,+,+,+,+
1,19,0,0,0,455,+,+,87.0%,89.3%,96.6%#,1.6%,1.7%#,83.5%,89.8%,90.9%#,98.8%#
1,19,0,1,0,18453,+,+,87.1%,93.2%,93.5%,0.2%,0.3%,86.6%,87.6%,92.9%,94.0%
1,19,0,2,0,8875,+,+,67.2%,93.3%,72.1%,0.5%,0.5%,66.2%,68.2%,71.0%,73.1%
1,19,0,3,0,8755,17.36,18.59!,29.1%,91.4%,31.9%,0.5%,0.5%,28.2%,30.1%,30.8%,32.9%
1,19,0,4,0,0,+,+,+,+,+,+,+,+,+,+,+
1,19,0,5,0,1439,12.24,13.50!,30.7%,91.3%,33.7%,1.2%,1.3%,28.4%,33.1%,31.1%,36.3%
1,19,0,6,0,0,+,+,+,+,+,+,+,+,+,+,+
1,19,1,0,0,18,+,+,88.9%,91.6%,91.7%#,7.4%,7.6%#,62.4%,97.1%,56.6%#@,98.7%#@
1,19,1,1,0,2070,+,+,82.1%,92.9%,88.4%,0.8%,0.9%,80.4%,83.7%,86.4%,90.0%
1,19,1,2,0,1290,+,+,60.3%,93.1%,64.7%,1.4%,1.5%,57.5%,62.9%,61.8%,67.5%
1,19,1,3,0,1470,13.94,14.39!,23.6%,91.3%,25.8%,1.1%,1.2%,21.4%,25.8%,23.4%,28.2%
1,19,1,4,0,0,+,+,+,+,+,+,+,+,+,+,+
1,19,1,5,0,252,13.46,13.93!,28.6%,91.5%,31.2%#,2.9%,3.1%#,23.1%,34.3%,25.2%#,37.3%#
1,19,1,6,0,0,+,+,+,+,+,+,+,+,+,+,+
1,19,2,0,0,0,+,+,+,+,+,+,+,+,+,+,+
1,19,2,1,0,252,+,+,84.8%,93.0%,91.1%,2.3%,2.4%,79.7%,88.7%,84.9%,94.9%
1,19,2,2,0,170,+,+,62.7%,92.2%,67.8%#,3.7%,4.0%#,54.9%,69.5%,59.2%#,75.0%#
1,19,2,3,0,153,14.13,14.48!,24.2%,92.0%,26.3%,3.5%,3.8%,17.7%,31.2%,19.2%,33.9%
1,19,2,4,0,0,+,+,+,+,+,+,+,+,+,+,+
1,19,2,5,0,32,4.67,4.71!,9.4%,87.8%,10.7%,5.2%,5.9%,2.4%,22.3%,2.7%,25.1%
1,19,2,6,0,0,+,+,+,+,+,+,+,+,+,+,+
1,19,3,0,0,46,+,+,89.1%,94.3%,92.8%#,4.6%,4.2%#,75.8%,95.3%,78.1%#,97.8%#
1,19,3,1,0,3259,+,+,88.9%,96.5%,92.1%,0.6%,0.6%,87.7%,89.9%,90.9%,93.2%
1,19,3,2,0,1899,+,+,71.0%,96.6%,73.5%,1.1%,1.1%,68.9%,73.0%,71.3%,75.5%
1,19,3,3,0,1542,16.20,16.91!,26.0%,95.6%,27.2%,1.1%,1.2%,23.8%,28.3%,24.9%,29.6%
1,19,3,4,0,0,+,+,+,+,+,+,+,+,+,+,+
1,19,3,5,0,308,16.98,18.11!,31.8%,95.2%,33.4%,2.7%,2.9%,26.5%,37.1%,27.8%,39.0%
1,19,3,6,0,0,+,+,+,+,+,+,+,+,+,+,+
1,19,4,0,0,43,+,+,83.4%,91.5%,90.8%#,5.7%,6.2%#,68.3%,91.7%,67.7%#,97.6%#
1,19,4,1,0,3330,+,+,87.2%,95.8%,91.1%,0.6%,0.6%,86.0%,88.3%,89.8%,92.2%
1,19,4,2,0,2019,+,+,68.2%,95.8%,71.1%,1.1%,1.1%,66.1%,70.2%,68.9%,73.2%
1,19,4,3,0,1807,17.82,18.60!,30.2%,95.0%,31.8%,1.1%,1.2%,28.1%,32.4%,29.6%,34.1%
1,19,4,4,0,0,+,+,+,+,+,+,+,+,+,+,+
1,19,4,5,0,427,10.28,10.88!,33.8%,94.5%,35.8%,2.3%,2.5%,29.3%,38.4%,31.0%,40.7%
1,19,4,6,0,0,+,+,+,+,+,+,+,+,+,+,+
1,19,5,0,0,10,+,+,100.0%,93.9%,100.0%*#,0.0%,0.0%#,+,+,#+,#+
1,19,5,1,0,210,+,+,95.1%,96.2%,98.1%#,1.5%,1.4%#,91.1%,97.3%,92.2%#@,99.5%#@
1,19,5,2,0,26,+,+,87.9%,95.6%,91.4%#,6.6%,6.8%#,67.0%,95.9%,63.2%#@,98.3%#@
1,19,5,3,0,35,+,+,71.4%,93.0%,75.5%#,7.6%,8.1%#,53.4%,83.5%,55.3%#,87.6%#
1,19,5,4,0,0,+,+,+,+,+,+,+,+,+,+,+
1,19,5,5,0,57,+,+,78.0%,96.3%,80.4%#,5.6%,5.4%#,64.5%,86.9%,67.0%#,88.8%#
1,19,5,6,0,0,+,+,+,+,+,+,+,+,+,+,+
1,20,0,0,0,448,+,+,88.1%,89.9%,97.5%#,1.5%,1.7%#,84.7%,90.8%,90.9%#@,99.3%#@
1,20,0,1,0,18486,+,+,87.6%,93.3%,93.9%,0.2%,0.3%,87.1%,88.1%,93.4%,94.4%
1,20,0,2,0,8864,+,+,67.9%,93.5%,72.6%,0.5%,0.5%,66.9%,68.9%,71.5%,73.6%
1,20,0,3,0,8639,18.07,19.33!,28.6%,92.0%,31.1%,0.5%,0.5%,27.6%,29.5%,30.1%,32.1%
1,20,0,4,0,0,+,+,+,+,+,+,+,+,+,+,+
1,20,0,5,0,1361,10.52,11.71!,30.0%,90.8%,33.0%#,1.3%,1.4%#,27.6%,32.5%,30.3%#,35.7%#
1,20,0,6,0,0,+,+,+,+,+,+,+,+,+,+,+
1,20,1,0,0,30,+,+,96.7%,87.3%,100.0%*#,3.3%,0.0%#,78.6%@,99.5%@,#+,#+
1,20,1,1,0,2137,+,+,83.4%,92.7%,90.0%,0.8%,0.9%,81.7%,84.9%,88.1%,91.5%
1,20,1,2,0,1376,+,+,61.2%,93.2%,65.6%,1.3%,1.4%,58.5%,63.7%,62.8%,68.3%
1,20,1,3,0,1532,14.63,15.33!,23.2%,92.1%,25.1%,1.1%,1.2%,21.1%,25.3%,22.9%,27.5%
1,20,1,4,0,0,+,+,+,+,+,+,+,+,+,+,+
1,20,1,5,0,289,13.57,14.62!,27.5%,91.2%,30.1%,2.7%,2.9%,22.4%,32.8%,24.5%,35.9%
1,20,1,6,0,0,+,+,+,+,+,+,+,+,+,+,+
1,20,2,0,0,4,+,+,100.0%,94.3%,100.0%*#,0.0%,0.0%#,+,+,#+,#+
1,20,2,1,0,230,+,+,80.8%,93.0%,86.4%#,2.6%,2.8%#,75.1%,85.3%,79.9%#,91.0%#
1,20,2,2,0,178,+,+,68.1%,91.5%,74.4%,3.5%,3.9%,60.6%,74.4%,65.9%,81.1%
1,20,2,3,0,133,13.76,14.15!,26.5%,91.1%,29.0%#,3.8%,4.2%#,19.3%,34.2%,21.1%#,37.4%#
1,20,2,4,0,0,+,+,+,+,+,+,+,+,+,+,+
1,20,2,5,0,31,37.50,39.73!,41.9%,88.4%,46.7%#,8.9%,9.9%#,24.7%,58.3%,27.0%#,64.3%#
1,20,2,6,0,0,+,+,+,+,+,+,+,+,+,+,+
1,20,3,0,0,34,+,+,84.8%,94.2%,89.6%#,6.2%,6.6%#,67.4%,93.4%,66.5%#,97.1%#
1,20,3,1,0,3376,+,+,89.5%,96.5%,92.8%,0.5%,0.6%,88.4%,90.5%,91.6%,93.8%
1,20,3,2,0,1961,+,+,72.6%,96.8%,75.0%,1.0%,1.1%,70.5%,74.5%,72.8%,77.0%
1,20,3,3,0,1550,18.46,19.07!,24.6%,95.4%,25.8%,1.1%,1.2%,22.4%,26.8%,23.5%,28.1%
1,20,3,4,0,0,+,+,+,+,+,+,+,+,+,+,+
1,20,3,5,0,347,15.63,16.85!,31.7%,94.4%,33.6%,2.6%,2.7%,26.7%,36.8%,28.3%,38.9%
1,20,3,6,0,0,+,+,+,+,+,+,+,+,+,+,+
1,20,4,0,0,49,+,+,83.6%,90.3%,91.9%#,5.3%,5.8%#,69.8%,91.4%,69.1%#@,98.1%#@
1,20,4,1,0,3569,+,+,87.9%,95.7%,91.8%,0.6%,0.6%,86.7%,88.9%,90.6%,92.9%
1,20,4,2,0,2277,+,+,71.2%,96.0%,74.2%,1.0%,1.0%,69.3%,73.1%,72.2%,76.1%
1,20,4,3,0,1820,17.21,17.82!,28.2%,95.0%,29.6%,1.1%,1.1%,26.1%,30.3%,27.4%,31.9%
1,20,4,4,0,0,+,+,+,+,+,+,+,+,+,+,+
1,20,4,5,0,437,12.16,12.64!,31.4%,95.1%,33.0%,2.3%,2.4%,27.0%,35.9%,28.3%,37.7%
1,20,4,6,0,0,+,+,+,+,+,+,+,+,+,+,+
1,20,5,0,0,7,+,+,100.0%,96.4%,100.0%*#,0.0%,0.0%#,+,+,#+,#+
1,20,5,1,0,184,+,+,96.0%,95.6%,98.9%*#,1.5%,1.3%#,91.8%,98.1%,90.2%#@,99.9%#@
1,20,5,2,0,45,+,+,88.4%,94.5%,93.1%#,4.9%,5.1%#,74.4%,95.0%,72.4%#@,98.4%#@
1,20,5,3,0,33,+,+,78.7%,94.3%,82.8%#,7.2%,6.8%#,60.4%,89.2%,64.3%#,92.3%#
1,20,5,4,0,0,+,+,+,+,+,+,+,+,+,+,+
1,20,5,5,0,51,+,+,94.1%,96.3%,94.7%#,3.3%,3.3%#,82.9%,98.1%,82.5%#,98.5%#
1,20,5,6,0,0,+,+,+,+,+,+,+,+,+,+,+
1,21,0,0,0,441,+,+,88.6%,89.8%,97.9%#,1.5%,1.4%#,85.2%,91.2%,92.2%#@,99.5%#@
1,21,0,1,0,18835,+,+,87.3%,93.2%,93.6%,0.2%,0.3%,86.8%,87.7%,93.1%,94.1%
1,21,0,2,0,8706,+,+,67.8%,93.4%,72.6%,0.5%,0.5%,66.8%,68.7%,71.5%,73.6%
1,21,0,3,0,8761,18.84,20.16!,29.7%,91.7%,32.4%,0.5%,0.5%,28.8%,30.7%,31.4%,33.5%
1,21,0,4,0,0,+,+,+,+,+,+,+,+,+,+,+
1,21,0,5,0,1365,10.51,11.37!,30.9%,91.7%,33.7%,1.3%,1.4%,28.5%,33.4%,31.0%,36.4%
1,21,0,6,0,0,+,+,+,+,+,+,+,+,+,+,+
1,21,1,0,0,18,+,+,70.5%,88.2%,79.3%#,11.2%,12.6%#,42.8%,86.6%,41.3%#,94.1%#
1,21,1,1,0,2247,+,+,83.6%,92.6%,90.3%,0.8%,0.8%,82.0%,85.1%,88.5%,91.8%
1,21,1,2,0,1426,+,+,59.8%,93.0%,64.3%,1.3%,1.4%,57.2%,62.3%,61.5%,67.0%
1,21,1,3,0,1536,15.89,16.87!,27.4%,92.3%,29.7%,1.1%,1.2%,25.2%,29.6%,27.3%,32.1%
1,21,1,4,0,0,+,+,+,+,+,+,+,+,+,+,+
1,21,1,5,0,261,14.31,14.96!,27.8%,93.0%,29.9%,2.8%,3.0%,22.5%,33.4%,24.1%,35.9%
1,21,1,6,0,0,+,+,+,+,+,+,+,+,+,+,+
1,21,2,0,0,5,+,+,80.0%,85.7%,90.4%#,17.9%,20.2%#,20.4%,96.9%,0.0%#@,99.9%#@
1,21,2,1,0,286,+,+,83.2%,92.6%,89.4%#,2.2%,2.4%#,78.4%,87.1%,83.6%#,93.2%#
1,21,2,2,0,145,+,+,64.8%,92.3%,69.8%#,4.0%,4.3%#,56.5%,72.0%,60.5%#,77.3%#
1,21,2,3,0,169,12.08,12.33!,24.3%,91.3%,26.5%#,3.3%,3.6%#,18.1%,30.9%,19.7%#,33.7%#
1,21,2,4,0,0,+,+,+,+,+,+,+,+,+,+,+
1,21,2,5,0,25,14.50,14.81!,36.0%,90.9%,38.1%#,9.6%,10.1%#,18.2%,54.2%,19.0%#,57.0%#
1,21,2,6,0,0,+,+,+,+,+,+,+,+,+,+,+
1,21,3,0,0,41,+,+,92.6%,91.6%,98.9%*#,4.1%,4.4%#,78.7%,97.5%,0.0%#@,100.0%#@
1,21,3,1,0,3634,+,+,89.3%,96.5%,92.5%,0.5%,0.5%,88.2%,90.2%,91.4%,93.5%
1,21,3,2,0,1928,+,+,71.4%,96.7%,73.8%,1.0%,1.1%,69.3%,73.4%,71.6%,75.9%
1,21,3,3,0,1620,18.57,19.18!,28.7%,95.6%,30.1%,1.1%,1.2%,26.5%,31.0%,27.7%,32.4%
1,21,3,4,0,0,+,+,+,+,+,+,+,+,+,+,+
1,21,3,5,0,262,19.23,19.79!,36.7%,94.6%,38.7%#,3.0%,3.2%#,30.8%,42.6%,32.5%#,45.0%#
1,21,3,6,0,0,+,+,+,+,+,+,+,+,+,+,+
1,21,4,0,0,38,+,+,89.5%,93.1%,93.1%#,5.0%,5.2%#,74.3%,95.9%,72.0%#@,98.4%#@
1,21,4,1,0,3701,+,+,86.4%,95.8%,90.2%,0.6%,0.6%,85.2%,87.5%,88.9%,91.3%
1,21,4,2,0,2328,+,+,69.2%,96.1%,72.0%,1.0%,1.0%,67.3%,71.1%,70.0%,74.0%
1,21,4,3,0,1911,20.26,20.82!,29.4%,95.0%,31.0%,1.1%,1.1%,27.4%,31.6%,28.8%,33.2%
1,21,4,4,0,0,+,+,+,+,+,+,+,+,+,+,+
1,21,4,5,0,418,18.41,19.29!,34.2%,94.2%,36.3%,2.4%,2.6%,29.4%,38.9%,31.2%,41.3%
1,21,4,6,0,0,+,+,+,+,+,+,+,+,+,+,+
1,21,5,0,0,11,+,+,100.0%,93.5%,100.0%*#,0.0%,0.0%#,+,+,#+,#+
1,21,5,1,0,211,+,+,96.5%,95.6%,99.5%*#,1.3%,1.3%#,92.8%,98.3%,45.9%#@,100.0%#@
1,21,5,2,0,38,+,+,94.5%,95.6%,97.4%#,3.8%,2.6%#,79.7%@,98.6%@,82.3%#@,99.7%#@
1,21,5,3,0,33,+,+,74.6%,95.0%,77.9%#,7.8%,8.1%#,55.6%,86.4%,56.8%#,89.5%#
1,21,5,4,0,0,+,+,+,+,+,+,+,+,+,+,+
1,21,5,5,0,49,+,+,95.5%,95.9%,97.8%#,3.1%,3.2%#,83.2%@,98.9%@,68.0%#@,99.9%#@
1,21,5,6,0,0,+,+,+,+,+,+,+,+,+,+,+
1,22,0,0,0,401,+,+,89.2%,90.0%,99.0%,1.6%,1.7%,85.7%,91.9%,71.1%@,100.0%@
1,22,0,1,0,18932,+,+,87.8%,93.4%,94.0%,0.2%,0.3%,87.3%,88.3%,93.5%,94.5%
1,22,0,2,0,8607,+,+,68.6%,93.6%,73.3%,0.5%,0.5%,67.6%,69.6%,72.3%,74.4%
1,22,0,3,0,8584,19.96,21.51!,31.2%,92.0%,33.9%,0.5%,0.5%,30.2%,32.1%,32.8%,34.9%
1,22,0,4,0,0,+,+,+,+,+,+,+,+,+,+,+
1,22,0,5,0,1340,11.66,12.33!,33.7%,91.6%,36.8%,1.3%,1.4%,31.2%,36.2%,34.0%,39.6%
1,22,0,6,0,0,+,+,+,+,+,+,+,+,+,+,+
1,22,1,0,0,26,+,+,92.3%,84.6%,96.5%*#,5.2%,5.5%#,72.6%,98.0%,45.8%#@,99.8%#@
1,22,1,1,0,2203,+,+,82.6%,92.4%,89.4%,0.8%,0.9%,80.9%,84.1%,87.5%,91.0%
1,22,1,2,0,1390,+,+,58.9%,93.0%,63.4%#,1.3%,1.4%#,56.3%,61.5%,60.5%#,66.1%#
1,22,1,3,0,1535,15.92,16.64!,26.3%,91.8%,28.6%,1.1%,1.2%,24.1%,28.5%,26.2%,31.1%
1,22,1,4,0,0,+,+,+,+,+,+,+,+,+,+,+
1,22,1,5,0,259,18.26,21.20!,34.0%,92.0%,36.8%#,3.0%,3.2%#,28.2%,39.8%,30.5%#,43.1%#
1,22,1,6,0,0,+,+,+,+,+,+,+,+,+,+,+
1,22,2,0,0,3,+,+,100.0%,92.0%,100.0%*#,0.0%,0.0%#,+,+,#+,#+
1,22,2,1,0,292,+,+,82.4%,92.1%,89.6%,2.2%,2.4%,77.6%,86.4%,83.7%,93.4%
1,22,2,2,0,165,+,+,60.9%,91.8%,66.3%,3.8%,4.2%,52.9%,67.9%,57.4%,73.7%
1,22,2,3,0,146,14.28,14.54!,29.0%,91.5%,31.4%#,3.8%,4.1%#,21.9%,36.6%,23.6%#,39.5%#
1,22,2,4,0,0,+,+,+,+,+,+,+,+,+,+,+
1,22,2,5,0,31,9.50,9.77!,25.8%,90.4%,28.5%#,7.9%,8.7%#,12.2%,41.8%,13.3%#,45.8%#
1,22,2,6,0,0,+,+,+,+,+,+,+,+,+,+,+
1,22,3,0,0,28,+,+,88.9%,93.3%,94.3%#,6.0%,6.4%#,69.4%,96.3%,56.3%#@,99.4%#@
1,22,3,1,0,3608,+,+,90.4%,96.5%,93.6%,0.5%,0.5%,89.4%,91.3%,92.5%,94.6%
1,22,3,2,0,2101,+,+,72.2%,96.8%,74.6%,1.0%,1.0%,70.2%,74.1%,72.5%,76.5%
1,22,3,3,0,1723,18.79,19.30!,27.7%,95.7%,29.0%,1.1%,1.1%,25.6%,29.9%,26.8%,31.2%
1,22,3,4,0,0,+,+,+,+,+,+,+,+,+,+,+
1,22,3,5,0,312,24.06,25.43!,38.2%,95.7%,39.9%,2.9%,3.0%,32.6%,43.7%,34.1%,45.7%
1,22,3,6,0,0,+,+,+,+,+,+,+,+,+,+,+
1,22,4,0,0,43,+,+,92.3%,92.6%,97.3%#,4.3%,3.6%#,78.0%,97.5%,67.9%#@,99.8%#@
1,22,4,1,0,3978,+,+,87.3%,95.7%,91.2%,0.5%,0.6%,86.2%,88.3%,90.1%,92.3%
1,22,4,2,0,2325,+,+,68.1%,96.2%,70.8%,1.0%,1.0%,66.0%,70.0%,68.7%,72.7%
1,22,4,3,0,1975,17.15,17.60!,27.3%,94.9%,28.8%,1.0%,1.1%,25.3%,29.4%,26.7%,30.9%
1,22,4,4,0,0,+,+,+,+,+,+,+,+,+,+,+
1,22,4,5,0,433,19.92,20.84!,36.4%,95.4%,38.2%,2.4%,2.5%,31.8%,41.1%,33.3%,43.0%
1,22,4,6,0,0,+,+,+,+,+,+,+,+,+,+,+
1,22,5,0,0,11,+,+,100.0%,92.1%,100.0%*#,0.0%,0.0%#,+,+,#+,#+
1,22,5,1,0,234,+,+,96.4%,95.1%,99.6%*#,1.3%,1.0%#,92.9%,98.2%,61.7%#@,100.0%#@
1,22,5,2,0,43,+,+,90.2%,95.8%,92.9%#,4.6%,4.8%#,76.1%,96.2%,75.0%#,98.1%#
1,22,5,3,0,54,+,+,78.7%,93.9%,83.8%#,5.7%,6.1%#,64.7%,87.6%,67.3%#,92.4%#
1,22,5,4,0,0,+,+,+,+,+,+,+,+,+,+,+
1,22,5,5,0,67,+,+,93.6%,96.1%,97.1%#,3.1%,3.2%#,83.9%,97.6%,76.9%#@,99.7%#@
1,22,5,6,0,0,+,+,+,+,+,+,+,+,+,+,+
1,23,0,0,0,444,+,+,88.1%,89.9%,97.5%#,1.6%,1.7%#,84.6%,90.8%,90.5%#@,99.4%#@
1,23,0,1,0,19471,+,+,87.8%,93.5%,93.9%,0.2%,0.3%,87.3%,88.2%,93.4%,94.4%
1,23,0,2,0,8781,+,+,69.0%,93.8%,73.6%,0.5%,0.5%,68.0%,70.0%,72.5%,74.6%
1,23,0,3,0,8797,19.28,20.80!,31.3%,92.0%,34.1%,0.5%,0.5%,30.4%,32.3%,33.0%,35.1%
1,23,0,4,0,0,+,+,+,+,+,+,+,+,+,+,+
1,23,0,5,0,1294,11.18,11.82!,34.0%,91.5%,37.1%,1.3%,1.5%,31.4%,36.6%,34.3%,40.0%
1,23,0,6,0,0,+,+,+,+,+,+,+,+,+,+,+
1,23,1,0,0,30,+,+,80.0%,89.4%,86.4%#,7.3%,7.9%#,60.8%,90.5%,60.8%#,95.8%#
1,23,1,1,0,2296,+,+,83.0%,92.9%,89.4%,0.8%,0.9%,81.4%,84.5%,87.6%,90.9%
1,23,1,2,0,1406,+,+,57.8%,93.1%,62.1%,1.3%,1.4%,55.1%,60.4%,59.2%,64.8%
1,23,1,3,0,1556,13.38,13.77!,23.4%,91.6%,25.6%,1.1%,1.2%,21.3%,25.6%,23.3%,27.9%
1,23,1,4,0,0,+,+,+,+,+,+,+,+,+,+,+
1,23,1,5,0,252,21.67,23.36!,34.6%,91.6%,37.8%,3.1%,3.3%,28.7%,40.6%,31.3%,44.3%
1,23,1,6,0,0,+,+,+,+,+,+,+,+,+,+,+
1,23,2,0,0,1,+,+,100.0%,91.1%,100.0%*#,0.0%,0.0%#,+,+,#+,#+
1,23,2,1,0,270,+,+,82.8%,91.8%,89.8%#,2.3%,2.4%#,77.8%,86.9%,83.8%#,93.6%#
1,23,2,2,0,174,+,+,63.9%,92.4%,69.1%#,3.7%,4.0%#,56.2%,70.6%,60.6%#,76.1%#
1,23,2,3,0,158,17.00,18.66!,23.4%,91.9%,25.4%#,3.4%,3.7%#,17.1%,30.2%,18.6%#,32.8%#
1,23,2,4,0,0,+,+,+,+,+,+,+,+,+,+,+
1,23,2,5,0,34,14.58,14.95!,33.5%,90.4%,35.9%#,8.2%,8.8%#,18.3%,49.4%,19.4%#,52.6%#
1,23,2,6,0,0,+,+,+,+,+,+,+,+,+,+,+
1,23,3,0,0,45,+,+,90.9%,94.1%,94.7%#,4.3%,4.5%#,77.5%,96.5%,73.6%#@,99.0%#@
1,23,3,1,0,3707,+,+,90.3%,96.7%,93.4%,0.5%,0.5%,89.3%,91.3%,92.4%,94.4%
1,23,3,2,0,2001,+,+,72.2%,96.8%,74.5%,1.0%,1.1%,70.1%,74.1%,72.4%,76.5%
1,23,3,3,0,1701,21.43,21.98!,30.3%,96.1%,31.5%,1.1%,1.2%,28.1%,32.5%,29.2%,33.9%
1,23,3,4,0,0,+,+,+,+,+,+,+,+,+,+,+
1,23,3,5,0,326,20.29,20.75!,36.3%,95.8%,37.8%#,2.8%,2.9%#,30.9%,41.7%,32.2%#,43.4%#
1,23,3,6,0,0,+,+,+,+,+,+,+,+,+,+,+
1,23,4,0,0,38,+,+,83.8%,90.2%,90.3%#,6.1%,6.5%#,67.4%,92.4%,66.4%#,97.5%#
1,23,4,1,0,4122,+,+,87.2%,95.9%,91.0%,0.5%,0.6%,86.1%,88.2%,89.8%,92.0%
1,23,4,2,0,2464,+,+,70.0%,96.2%,72.8%,1.0%,1.0%,68.1%,71.9%,70.8%,74.7%
1,23,4,3,0,1982,19.27,20.03!,31.6%,95.3%,33.2%,1.1%,1.1%,29.5%,33.7%,30.9%,35.4%
1,23,4,4,0,0,+,+,+,+,+,+,+,+,+,+,+
1,23,4,5,0,499,16.95,19.33!,33.8%,94.4%,35.8%,2.2%,2.3%,29.5%,38.1%,31.2%,40.3%
1,23,4,6,0,0,+,+,+,+,+,+,+,+,+,+,+
1,23,5,0,0,9,+,+,100.0%,93.1%,100.0%*#,0.0%,0.0%#,+,+,#+,#+
1,23,5,1,0,247,+,+,98.8%,95.4%,99.4%*#,0.7%,0.7%#,96.2%,99.6%,93.9%#@,99.9%#@
1,23,5,2,0,57,+,+,90.2%,94.1%,94.4%#,4.1%,4.3%#,78.1%,95.8%,76.1%#@,98.8%#@
1,23,5,3,0,52,+,+,73.9%,93.1%,79.2%#,6.3%,6.7%#,59.3%,84.0%,62.2%#,89.2%#
1,23,5,4,0,0,+,+,+,+,+,+,+,+,+,+,+
1,23,5,5,0,54,+,+,90.0%,97.3%,91.9%#,4.2%,4.3%#,77.7%,95.7%,77.7%#,97.2%#
1,23,5,6,0,0,+,+,+,+,+,+,+,+,+,+,+
1,24,0,0,0,421,+,+,89.4%,89.9%,98.9%#,1.5%,1.5%#,86.0%,92.0%,84.5%#@,99.9%#@
1,24,0,1,0,19952,+,+,88.3%,93.4%,94.5%,0.2%,0.2%,87.8%,88.7%,94.0%,95.0%
1,24,0,2,0,8797,+,+,68.6%,93.6%,73.3%,0.5%,0.5%,67.6%,69.6%,72.3%,74.4%
1,24,0,3,0,8988,20.90,22.58!,32.5%,91.8%,35.4%,0.5%,0.5%,31.5%,33.5%,34.3%,36.4%
1,24,0,4,0,0,+,+,+,+,+,+,+,+,+,+,+
1,24,0,5,0,1301,11.04,12.18!,34.5%,91.7%,37.6%,1.3%,1.5%,31.9%,37.1%,34.8%,40.5%
1,24,0,6,0,0,+,+,+,+,+,+,+,+,+,+,+
1,24,1,0,0,25,+,+,83.6%,88.3%,92.6%#,7.5%,8.3%#,62.0%,93.5%,47.2%#@,99.2%#@
1,24,1,1,0,2317,+,+,85.0%,92.6%,91.7%#,0.8%,0.8%#,83.4%,86.4%,90.0%#,93.1%#
1,24,1,2,0,1503,+,+,60.5%,92.7%,65.3%,1.3%,1.4%,58.0%,63.0%,62.5%,67.9%
1,24,1,3,0,1629,15.83,16.79!,27.8%,91.6%,30.3%,1.1%,1.2%,25.6%,30.0%,27.9%,32.7%
1,24,1,4,0,0,+,+,+,+,+,+,+,+,+,+,+
1,24,1,5,0,240,13.63,14.50!,27.6%,92.2%,29.9%,3.0%,3.2%,21.9%,33.5%,23.8%,36.3%
1,24,1,6,0,0,+,+,+,+,+,+,+,+,+,+,+
1,24,2,0,0,2,+,+,100.0%,92.1%,100.0%*#,0.0%,0.0%#,+,+,#+,#+
1,24,2,1,0,337,+,+,80.1%,91.5%,87.6%,2.2%,2.4%,75.4%,84.1%,81.9%,91.5%
1,24,2,2,0,154,+,+,68.0%,92.0%,73.9%,3.8%,4.1%,60.0%,74.8%,64.8%,80.9%
1,24,2,3,0,156,19.76,22.56!,26.3%,89.2%,29.4%#,3.6%,4.0%#,19.6%,33.4%,21.9%#,37.3%#
1,24,2,4,0,0,+,+,+,+,+,+,+,+,+,+,+
1,24,2,5,0,35,7.75,7.87!,25.7%,91.4%,27.0%#,7.4%,7.8%#,12.8%,40.8%,13.4%#,42.7%#
1,24,2,6,0,0,+,+,+,+,+,+,+,+,+,+,+
1,24,3,0,0,50,+,+,87.2%,91.3%,95.0%#,4.9%,5.3%#,73.6%,94.0%,64.8%#@,99.4%#@
1,24,3,1,0,4017,+,+,90.7%,96.7%,93.8%#,0.5%,0.5%#,89.7%,91.6%,92.8%#,94.7%#
1,24,3,2,0,2078,+,+,71.9%,96.9%,74.2%,1.0%,1.0%,69.9%,73.8%,72.1%,76.2%
1,24,3,3,0,1768,18.98,19.66!,28.7%,95.9%,29.9%,1.1%,1.2%,26.5%,30.9%,27.7%,32.2%
1,24,3,4,0,0,+,+,+,+,+,+,+,+,+,+,+
1,24,3,5,0,317,28.39,28.98!,37.7%,95.9%,39.3%#,2.8%,2.9%#,32.2%,43.2%,33.5%#,45.0%#
1,24,3,6,0,0,+,+,+,+,+,+,+,+,+,+,+
1,24,4,0,0,48,+,+,86.5%,91.2%,93.4%#,5.1%,4.8%#,72.4%,93.7%,73.8%#@,98.5%#@
1,24,4,1,0,4276,+,+,87.0%,95.7%,90.9%#,0.5%,0.6%#,85.9%,88.0%,89.8%#,92.0%#
1,24,4,2,0,2570,+,+,70.8%,95.9%,73.8%,0.9%,1.0%,68.9%,72.6%,71.8%,75.6%
1,24,4,3,0,2077,18.28,18.80!,28.0%,94.7%,29.5%,1.0%,1.1%,26.0%,30.0%,27.4%,31.7%
1,24,4,4,0,0,+,+,+,+,+,+,+,+,+,+,+
1,24,4,5,0,488,16.93,17.52!,31.6%,94.5%,33.5%,2.2%,2.3%,27.3%,36.0%,28.9%,38.1%
1,24,4,6,0,0,+,+,+,+,+,+,+,+,+,+,+
1,24,5,0,0,11,+,+,100.0%,92.6%,100.0%*#,0.0%,0.0%#,+,+,#+,#+
1,24,5,1,0,298,+,+,99.3%,95.5%,100.0%*#,0.5%,0.0%#,97.1%@,99.8%@,#+,#+
1,24,5,2,0,74,+,+,93.9%,95.7%,95.9%#,3.0%,3.0%#,84.5%,97.7%,83.1%#@,99.1%#@
1,24,5,3,0,48,+,+,76.6%,93.9%,79.8%#,6.5%,6.8%#,60.7%,86.7%,62.4%#,89.8%#
1,24,5,4,0,0,+,+,+,+,+,+,+,+,+,+,+
1,24,5,5,0,61,+,+,84.6%,93.6%,88.0%#,4.7%,4.9%#,72.5%,91.7%,74.0%#,94.7%#
1,24,5,6,0,0,+,+,+,+,+,+,+,+,+,+,+
1,25,0,0,0,433,+,+,+,90.1%,+,+,+,+,+,+,+
1,25,0,1,0,20090,+,+,+,93.1%,+,+,+,+,+,+,+
1,25,0,2,0,8920,+,+,+,93.3%,+,+,+,+,+,+,+
1,25,0,3,0,8738,22.21,23.98!,+,91.6%,+,+,+,+,+,+,+
1,25,0,4,0,0,+,+,+,+,+,+,+,+,+,+,+
1,25,0,5,0,1331,14.19,14.98!,+,92.0%,+,+,+,+,+,+,+
1,25,0,6,0,0,+,+,+,+,+,+,+,+,+,+,+
1,25,1,0,0,23,+,+,+,89.8%,+,+,+,+,+,+,+
1,25,1,1,0,2470,+,+,+,92.2%,+,+,+,+,+,+,+
1,25,1,2,0,1541,+,+,+,92.8%,+,+,+,+,+,+,+
1,25,1,3,0,1625,15.82,16.78!,+,91.3%,+,+,+,+,+,+,+
1,25,1,4,0,0,+,+,+,+,+,+,+,+,+,+,+
1,25,1,5,0,241,16.67,19.74!,+,92.2%,+,+,+,+,+,+,+
1,25,1,6,0,0,+,+,+,+,+,+,+,+,+,+,+
1,25,2,0,0,4,+,+,+,+,+,+,+,+,+,+,+
1,25,2,1,0,280,+,+,+,91.9%,+,+,+,+,+,+,+
1,25,2,2,0,178,+,+,+,91.7%,+,+,+,+,+,+,+
1,25,2,3,0,196,15.00,15.81!,+,89.7%,+,+,+,+,+,+,+
1,25,2,4,0,0,+,+,+,+,+,+,+,+,+,+,+
1,25,2,5,0,36,9.00,10.30!,+,91.9%,+,+,+,+,+,+,+
1,25,2,6,0,0,+,+,+,+,+,+,+,+,+,+,+
1,25,3,0,0,42,+,+,+,+,+,+,+,+,+,+,+
1,25,3,1,0,4028,+,+,+,96.5%,+,+,+,+,+,+,+
1,25,3,2,0,2168,+,+,+,96.7%,+,+,+,+,+,+,+
1,25,3,3,0,1831,20.17,21.11!,+,95.6%,+,+,+,+,+,+,+
1,25,3,4,0,0,+,+,+,+,+,+,+,+,+,+,+
1,25,3,5,0,320,26.80,27.77!,+,95.6%,+,+,+,+,+,+,+
1,25,3,6,0,0,+,+,+,+,+,+,+,+,+,+,+
1,25,4,0,0,40,+,+,+,92.7%,+,+,+,+,+,+,+
1,25,4,1,0,4619,+,+,+,95.4%,+,+,+,+,+,+,+
1,25,4,2,0,2747,+,+,+,95.5%,+,+,+,+,+,+,+
1,25,4,3,0,2146,19.76,20.55!,+,94.5%,+,+,+,+,+,+,+
1,25,4,4,0,0,+,+,+,+,+,+,+,+,+,+,+
1,25,4,5,0,531,16.55,18.28!,+,94.5%,+,+,+,+,+,+,+
1,25,4,6,0,0,+,+,+,+,+,+,+,+,+,+,+
1,25,5,0,0,18,+,+,+,90.1%,+,+,+,+,+,+,+
1,25,5,1,0,377,+,+,+,94.6%,+,+,+,+,+,+,+
1,25,5,2,0,69,+,+,+,95.0%,+,+,+,+,+,+,+
1,25,5,3,0,59,+,+,+,91.6%,+,+,+,+,+,+,+
1,25,5,4,0,0,+,+,+,+,+,+,+,+,+,+,+
1,25,5,5,0,88,+,+,+,94.5%,+,+,+,+,+,+,+
1,25,5,6,0,0,+,+,+,+,+,+,+,+,+,+,+
1,26,0,0,0,443,+,+,+,+,+,+,+,+,+,+,+
1,26,0,1,0,19874,+,+,+,+,+,+,+,+,+,+,+
1,26,0,2,0,8723,+,+,+,+,+,+,+,+,+,+,+
1,26,0,3,0,8845,22.83,24.77!,+,+,+,+,+,+,+,+,+
1,26,0,4,0,0,+,+,+,+,+,+,+,+,+,+,+
1,26,0,5,0,1428,21.19,23.14!,+,+,+,+,+,+,+,+,+
1,26,0,6,0,0,+,+,+,+,+,+,+,+,+,+,+
1,26,1,0,0,28,+,+,+,+,+,+,+,+,+,+,+
1,26,1,1,0,2463,+,+,+,+,+,+,+,+,+,+,+
1,26,1,2,0,1468,+,+,+,+,+,+,+,+,+,+,+
1,26,1,3,0,1675,15.34,16.29!,+,+,+,+,+,+,+,+,+
1,26,1,4,0,0,+,+,+,+,+,+,+,+,+,+,+
1,26,1,5,0,273,18.63,20.58!,+,+,+,+,+,+,+,+,+
1,26,1,6,0,0,+,+,+,+,+,+,+,+,+,+,+
1,26,2,0,0,2,+,+,+,+,+,+,+,+,+,+,+
1,26,2,1,0,327,+,+,+,+,+,+,+,+,+,+,+
1,26,2,2,0,178,+,+,+,+,+,+,+,+,+,+,+
1,26,2,3,0,176,18.00,19.93!,+,+,+,+,+,+,+,+,+
1,26,2,4,0,0,+,+,+,+,+,+,+,+,+,+,+
1,26,2,5,0,38,25.72,29.33!,+,+,+,+,+,+,+,+,+
1,26,2,6,0,0,+,+,+,+,+,+,+,+,+,+,+
1,26,3,0,0,57,+,+,+,+,+,+,+,+,+,+,+
1,26,3,1,0,4355,+,+,+,+,+,+,+,+,+,+,+
1,26,3,2,0,2341,+,+,+,+,+,+,+,+,+,+,+
1,26,3,3,0,1861,20.48,21.39!,+,+,+,+,+,+,+,+,+
1,26,3,4,0,0,+,+,+,+,+,+,+,+,+,+,+
1,26,3,5,0,370,26.71,28.49!,+,+,+,+,+,+,+,+,+
1,26,3,6,0,0,+,+,+,+,+,+,+,+,+,+,+
1,26,4,0,0,56,+,+,+,+,+,+,+,+,+,+,+
1,26,4,1,0,4734,+,+,+,+,+,+,+,+,+,+,+
1,26,4,2,0,2667,+,+,+,+,+,+,+,+,+,+,+
1,26,4,3,0,2137,18.61,19.23!,+,+,+,+,+,+,+,+,+
1,26,4,4,0,0,+,+,+,+,+,+,+,+,+,+,+
1,26,4,5,0,558,19.00,20.22!,+,+,+,+,+,+,+,+,+
1,26,4,6,0,0,+,+,+,+,+,+,+,+,+,+,+
1,26,5,0,0,10,+,+,+,+,+,+,+,+,+,+,+
1,26,5,1,0,407,+,+,+,+,+,+,+,+,+,+,+
1,26,5,2,0,87,+,+,+,+,+,+,+,+,+,+,+
1,26,5,3,0,62,+,+,+,+,+,+,+,+,+,+,+
1,26,5,4,0,0,+,+,+,+,+,+,+,+,+,+,+
1,26,5,5,0,115,+,+,+,+,+,+,+,+,+,+,+
1,26,5,6,0,0,+,+,+,+,+,+,+,+,+,+,+
1,27,0,0,0,441,+,+,+,+,+,+,+,+,+,+,+
1,27,0,1,0,19866,+,+,+,+,+,+,+,+,+,+,+
1,27,0,2,0,8422,+,+,+,+,+,+,+,+,+,+,+
1,27,0,3,0,8593,23.88,26.36!,+,+,+,+,+,+,+,+,+
1,27,0,4,0,1,8.50,8.51!,0.0%,+,0.0%,0.0%,0.0%,+,+,+,+
1,27,0,5,0,1288,16.06,17.86!,+,+,+,+,+,+,+,+,+
1,27,0,6,0,0,+,+,+,+,+,+,+,+,+,+,+
1,27,1,0,0,22,+,+,+,+,+,+,+,+,+,+,+
1,27,1,1,0,2542,+,+,+,+,+,+,+,+,+,+,+
1,27,1,2,0,1511,+,+,+,+,+,+,+,+,+,+,+
1,27,1,3,0,1746,17.16,18.13!,+,+,+,+,+,+,+,+,+
1,27,1,4,0,2,5.00,+,+,+,+,+,+,+,+,+,+
1,27,1,5,0,236,10.83,11.29!,+,+,+,+,+,+,+,+,+
1,27,1,6,0,0,+,+,+,+,+,+,+,+,+,+,+
1,27,2,0,0,1,+,+,+,+,+,+,+,+,+,+,+
1,27,2,1,0,343,+,+,+,+,+,+,+,+,+,+,+
1,27,2,2,0,179,+,+,+,+,+,+,+,+,+,+,+
1,27,2,3,0,204,12.60,13.16!,+,+,+,+,+,+,+,+,+
1,27,2,4,0,0,+,+,+,+,+,+,+,+,+,+,+
1,27,2,5,0,44,31.21,31.69!,+,+,+,+,+,+,+,+,+
1,27,2,6,0,0,+,+,+,+,+,+,+,+,+,+,+
1,27,3,0,0,49,+,+,+,+,+,+,+,+,+,+,+
1,27,3,1,0,4441,+,+,+,+,+,+,+,+,+,+,+
1,27,3,2,0,2296,+,+,+,+,+,+,+,+,+,+,+
1,27,3,3,0,1880,26.90,28.40!,+,+,+,+,+,+,+,+,+
1,27,3,4,0,0,+,+,+,+,+,+,+,+,+,+,+
1,27,3,5,0,271,22.24,22.87!,+,+,+,+,+,+,+,+,+
1,27,3,6,0,0,+,+,+,+,+,+,+,+,+,+,+
1,27,4,0,0,45,+,+,+,+,+,+,+,+,+,+,+
1,27,4,1,0,4774,+,+,+,+,+,+,+,+,+,+,+
1,27,4,2,0,2646,+,+,+,+,+,+,+,+,+,+,+
1,27,4,3,0,2337,22.62,23.84!,+,+,+,+,+,+,+,+,+
1,27,4,4,0,0,+,+,+,+,+,+,+,+,+,+,+
1,27,4,5,0,448,14.96,15.52!,+,+,+,+,+,+,+,+,+
1,27,4,6,0,0,+,+,+,+,+,+,+,+,+,+,+
1,27,5,0,0,8,+,+,+,+,+,+,+,+,+,+,+
1,27,5,1,0,405,+,+,+,+,+,+,+,+,+,+,+
1,27,5,2,0,101,+,+,+,+,+,+,+,+,+,+,+
1,27,5,3,0,89,+,+,+,+,+,+,+,+,+,+,+
1,27,5,4,0,0,+,+,+,+,+,+,+,+,+,+,+
1,27,5,5,0,141,+,+,+,+,+,+,+,+,+,+,+
1,27,5,6,0,0,+,+,+,+,+,+,+,+,+,+,+
1,28,0,0,0,431,+,+,+,+,+,+,+,+,+,+,+
1,28,0,1,0,20398,+,+,+,+,+,+,+,+,+,+,+
1,28,0,2,0,8655,+,+,+,+,+,+,+,+,+,+,+
1,28,0,3,0,8709,+,+,+,+,+,+,+,+,+,+,+
1,28,0,4,0,0,+,+,+,+,+,+,+,+,+,+,+
1,28,0,5,0,1221,13.28,15.12!,+,+,+,+,+,+,+,+,+
1,28,0,6,0,0,+,+,+,+,+,+,+,+,+,+,+
1,28,1,0,0,18,+,+,+,+,+,+,+,+,+,+,+
1,28,1,1,0,2626,+,+,+,+,+,+,+,+,+,+,+
1,28,1,2,0,1594,+,+,+,+,+,+,+,+,+,+,+
1,28,1,3,0,1760,17.49,18.77!,+,+,+,+,+,+,+,+,+
1,28,1,4,0,0,+,+,+,+,+,+,+,+,+,+,+
1,28,1,5,0,239,7.99,9.15!,+,+,+,+,+,+,+,+,+
1,28,1,6,0,0,+,+,+,+,+,+,+,+,+,+,+
1,28,2,0,0,2,+,+,+,+,+,+,+,+,+,+,+
1,28,2,1,0,340,+,+,+,+,+,+,+,+,+,+,+
1,28,2,2,0,193,+,+,+,+,+,+,+,+,+,+,+
1,28,2,3,0,176,16.36,16.69!,+,+,+,+,+,+,+,+,+
1,28,2,4,0,0,+,+,+,+,+,+,+,+,+,+,+
1,28,2,5,0,35,18.17,18.41!,+,+,+,+,+,+,+,+,+
1,28,2,6,0,0,+,+,+,+,+,+,+,+,+,+,+
1,28,3,0,0,33,+,+,+,+,+,+,+,+,+,+,+
1,28,3,1,0,4498,+,+,+,+,+,+,+,+,+,+,+
1,28,3,2,0,2376,+,+,+,+,+,+,+,+,+,+,+
1,28,3,3,0,2074,+,+,+,+,+,+,+,+,+,+,+
1,28,3,4,0,0,+,+,+,+,+,+,+,+,+,+,+
1,28,3,5,0,288,9.03,9.51!,+,+,+,+,+,+,+,+,+
1,28,3,6,0,0,+,+,+,+,+,+,+,+,+,+,+
1,28,4,0,0,49,+,+,+,+,+,+,+,+,+,+,+
1,28,4,1,0,4976,+,+,+,+,+,+,+,+,+,+,+
1,28,4,2,0,2872,+,+,+,+,+,+,+,+,+,+,+
1,28,4,3,0,2338,20.37,21.20!,+,+,+,+,+,+,+,+,+
1,28,4,4,0,0,+,+,+,+,+,+,+,+,+,+,+
1,28,4,5,0,490,12.42,12.78!,+,+,+,+,+,+,+,+,+
1,28,4,6,0,0,+,+,+,+,+,+,+,+,+,+,+
1,28,5,0,0,17,+,+,+,+,+,+,+,+,+,+,+
1,28,5,1,0,464,+,+,+,+,+,+,+,+,+,+,+
1,28,5,2,0,98,+,+,+,+,+,+,+,+,+,+,+
1,28,5,3,0,105,+,+,+,+,+,+,+,+,+,+,+
1,28,5,4,0,0,+,+,+,+,+,+,+,+,+,+,+
1,28,5,5,0,147,+,+,+,+,+,+,+,+,+,+,+
1,28,5,6,0,0,+,+,+,+,+,+,+,+,+,+,+
1,29,0,0,0,366,+,+,+,+,+,+,+,+,+,+,+
1,29,0,1,0,17542,+,+,+,+,+,+,+,+,+,+,+
1,29,0,2,0,7885,+,+,+,+,+,+,+,+,+,+,+
1,29,0,3,0,8374,+,+,+,+,+,+,+,+,+,+,+
1,29,0,4,0,0,+,+,+,+,+,+,+,+,+,+,+
1,29,0,5,0,1205,9.72,10.38!,+,+,+,+,+,+,+,+,+
1,29,0,6,0,0,+,+,+,+,+,+,+,+,+,+,+
1,29,1,0,0,25,+,+,+,+,+,+,+,+,+,+,+
1,29,1,1,0,2266,+,+,+,+,+,+,+,+,+,+,+
1,29,1,2,0,1391,+,+,+,+,+,+,+,+,+,+,+
1,29,1,3,0,1679,+,+,+,+,+,+,+,+,+,+,+
1,29,1,4,0,0,+,+,+,+,+,+,+,+,+,+,+
1,29,1,5,0,203,7.04,7.24!,+,+,+,+,+,+,+,+,+
1,29,1,6,0,0,+,+,+,+,+,+,+,+,+,+,+
1,29,2,0,0,1,+,+,+,+,+,+,+,+,+,+,+
1,29,2,1,0,263,+,+,+,+,+,+,+,+,+,+,+
1,29,2,2,0,183,+,+,+,+,+,+,+,+,+,+,+
1,29,2,3,0,195,+,+,+,+,+,+,+,+,+,+,+
1,29,2,4,0,0,+,+,+,+,+,+,+,+,+,+,+
1,29,2,5,0,40,8.19,8.26!,+,+,+,+,+,+,+,+,+
1,29,2,6,0,0,+,+,+,+,+,+,+,+,+,+,+
1,29,3,0,0,36,+,+,+,+,+,+,+,+,+,+,+
1,29,3,1,0,3944,+,+,+,+,+,+,+,+,+,+,+
1,29,3,2,0,2130,+,+,+,+,+,+,+,+,+,+,+
1,29,3,3,0,2005,+,+,+,+,+,+,+,+,+,+,+
1,29,3,4,0,0,+,+,+,+,+,+,+,+,+,+,+
1,29,3,5,0,260,6.25,6.34!,+,+,+,+,+,+,+,+,+
1,29,3,6,0,0,+,+,+,+,+,+,+,+,+,+,+
1,29,4,0,0,43,+,+,+,+,+,+,+,+,+,+,+
1,29,4,1,0,4303,+,+,+,+,+,+,+,+,+,+,+
1,29,4,2,0,2567,+,+,+,+,+,+,+,+,+,+,+
1,29,4,3,0,2205,+,+,+,+,+,+,+,+,+,+,+
1,29,4,4,0,0,+,+,+,+,+,+,+,+,+,+,+
1,29,4,5,0,483,9.80,+,+,+,+,+,+,+,+,+,+
1,29,4,6,0,0,+,+,+,+,+,+,+,+,+,+,+
1,29,5,0,0,21,+,+,+,+,+,+,+,+,+,+,+
1,29,5,1,0,479,+,+,+,+,+,+,+,+,+,+,+
1,29,5,2,0,113,+,+,+,+,+,+,+,+,+,+,+
1,29,5,3,0,111,+,+,+,+,+,+,+,+,+,+,+
1,29,5,4,0,0,+,+,+,+,+,+,+,+,+,+,+
1,29,5,5,0,187,+,+,+,+,+,+,+,+,+,+,+
1,29,5,6,0,0,+,+,+,+,+,+,+,+,+,+,+
